{'device': 'gnfuv-temp-exp1-55d487b85b-5ztk8', 'humidity': 32.0, 'temperature': 35.0, 'experiment': 1.0, 'time': 1522085312.500382}
{'device': 'gnfuv-temp-exp1-55d487b85b-5ztk8', 'humidity': 32.0, 'temperature': 35.0, 'experiment': 1.0, 'time': 1522085320.488689}
{'device': 'gnfuv-temp-exp1-55d487b85b-5ztk8', 'humidity': 32.0, 'temperature': 35.0, 'experiment': 1.0, 'time': 1522085328.296972}
{'device': 'gnfuv-temp-exp1-55d487b85b-5ztk8', 'humidity': 33.0, 'temperature': 35.0, 'experiment': 1.0, 'time': 1522085339.191347}
{'device': 'gnfuv-temp-exp1-55d487b85b-5ztk8', 'humidity': 33.0, 'temperature': 35.0, 'experiment': 1.0, 'time': 1522085347.396396}
{'device': 'gnfuv-temp-exp1-55d487b85b-5ztk8', 'humidity': 33.0, 'temperature': 35.0, 'experiment': 1.0, 'time': 1522085352.183712}
{'device': 'gnfuv-temp-exp1-55d487b85b-5ztk8', 'humidity': 33.0, 'temperature': 35.0, 'experiment': 1.0, 'time': 1522085357.579639}
{'device': 'gnfuv-temp-exp1-55d487b85b-5ztk8', 'humidity': 33.0, 'temperature': 35.0, 'experiment': 1.0, 'time': 1522085362.868024}
{'device': 'gnfuv-temp-exp1-55d487b85b-5ztk8', 'humidity': 34.0, 'temperature': 35.0, 'experiment': 1.0, 'time': 1522085376.661034}
{'device': 'gnfuv-temp-exp1-55d487b85b-5ztk8', 'humidity': 34.0, 'temperature': 35.0, 'experiment': 1.0, 'time': 1522085384.096783}
{'device': 'gnfuv-temp-exp1-55d487b85b-5ztk8', 'humidity': 34.0, 'temperature': 35.0, 'experiment': 1.0, 'time': 1522085390.320206}
{'device': 'gnfuv-temp-exp1-55d487b85b-5ztk8', 'humidity': 34.0, 'temperature': 35.0, 'experiment': 1.0, 'time': 1522085396.718404}
{'device': 'gnfuv-temp-exp1-55d487b85b-5ztk8', 'humidity': 34.0, 'temperature': 35.0, 'experiment': 1.0, 'time': 1522085401.462252}
{'device': 'gnfuv-temp-exp1-55d487b85b-5ztk8', 'humidity': 34.0, 'temperature': 35.0, 'experiment': 1.0, 'time': 1522085406.238981}
{'device': 'gnfuv-temp-exp1-55d487b85b-5ztk8', 'humidity': 34.0, 'temperature': 35.0, 'experiment': 1.0, 'time': 1522085411.88055}
{'device': 'gnfuv-temp-exp1-55d487b85b-5ztk8', 'humidity': 34.0, 'temperature': 35.0, 'experiment': 1.0, 'time': 1522085422.002695}
{'device': 'gnfuv-temp-exp1-55d487b85b-5ztk8', 'humidity': 26.0, 'temperature': 34.0, 'experiment': 1.0, 'time': 1522085508.759883}
{'device': 'gnfuv-temp-exp1-55d487b85b-5ztk8', 'humidity': 34.0, 'temperature': 32.0, 'experiment': 1.0, 'time': 1522085515.458334}
{'device': 'gnfuv-temp-exp1-55d487b85b-5ztk8', 'humidity': 34.0, 'temperature': 32.0, 'experiment': 1.0, 'time': 1522085520.261245}
{'device': 'gnfuv-temp-exp1-55d487b85b-5ztk8', 'humidity': 34.0, 'temperature': 32.0, 'experiment': 1.0, 'time': 1522085524.97207}
{'device': 'gnfuv-temp-exp1-55d487b85b-5ztk8', 'humidity': 34.0, 'temperature': 32.0, 'experiment': 1.0, 'time': 1522085533.280049}
{'device': 'gnfuv-temp-exp1-55d487b85b-5ztk8', 'humidity': 35.0, 'temperature': 32.0, 'experiment': 1.0, 'time': 1522085539.181457}
{'device': 'gnfuv-temp-exp1-55d487b85b-5ztk8', 'humidity': 35.0, 'temperature': 33.0, 'experiment': 1.0, 'time': 1522085544.216878}
{'device': 'gnfuv-temp-exp1-55d487b85b-5ztk8', 'humidity': 36.0, 'temperature': 33.0, 'experiment': 1.0, 'time': 1522085551.754931}
{'device': 'gnfuv-temp-exp1-55d487b85b-5ztk8', 'humidity': 36.0, 'temperature': 33.0, 'experiment': 1.0, 'time': 1522085556.455591}
{'device': 'gnfuv-temp-exp1-55d487b85b-5ztk8', 'humidity': 36.0, 'temperature': 33.0, 'experiment': 1.0, 'time': 1522085561.164376}
{'device': 'gnfuv-temp-exp1-55d487b85b-5ztk8', 'humidity': 36.0, 'temperature': 33.0, 'experiment': 1.0, 'time': 1522085568.438158}
{'device': 'gnfuv-temp-exp1-55d487b85b-5ztk8', 'humidity': 36.0, 'temperature': 33.0, 'experiment': 1.0, 'time': 1522085573.291187}
{'device': 'gnfuv-temp-exp1-55d487b85b-5ztk8', 'humidity': 36.0, 'temperature': 33.0, 'experiment': 1.0, 'time': 1522085578.150305}
{'device': 'gnfuv-temp-exp1-55d487b85b-5ztk8', 'humidity': 36.0, 'temperature': 33.0, 'experiment': 1.0, 'time': 1522085582.914285}
{'device': 'gnfuv-temp-exp1-55d487b85b-5ztk8', 'humidity': 36.0, 'temperature': 33.0, 'experiment': 1.0, 'time': 1522085587.955452}
{'device': 'gnfuv-temp-exp1-55d487b85b-5ztk8', 'humidity': 36.0, 'temperature': 34.0, 'experiment': 1.0, 'time': 1522085593.037855}
{'device': 'gnfuv-temp-exp1-55d487b85b-5ztk8', 'humidity': 36.0, 'temperature': 34.0, 'experiment': 1.0, 'time': 1522085597.776008}
{'device': 'gnfuv-temp-exp1-55d487b85b-5ztk8', 'humidity': 36.0, 'temperature': 34.0, 'experiment': 1.0, 'time': 1522085602.515933}
{'device': 'gnfuv-temp-exp1-55d487b85b-5ztk8', 'humidity': 36.0, 'temperature': 34.0, 'experiment': 1.0, 'time': 1522085607.279252}
{'device': 'gnfuv-temp-exp1-55d487b85b-5ztk8', 'humidity': 36.0, 'temperature': 34.0, 'experiment': 1.0, 'time': 1522085612.330964}
{'device': 'gnfuv-temp-exp1-55d487b85b-5ztk8', 'humidity': 36.0, 'temperature': 34.0, 'experiment': 1.0, 'time': 1522085625.4793}
{'device': 'gnfuv-temp-exp1-55d487b85b-5ztk8', 'humidity': 36.0, 'temperature': 34.0, 'experiment': 1.0, 'time': 1522085630.471784}
{'device': 'gnfuv-temp-exp1-55d487b85b-5ztk8', 'humidity': 36.0, 'temperature': 34.0, 'experiment': 1.0, 'time': 1522085637.853218}
{'device': 'gnfuv-temp-exp1-55d487b85b-5ztk8', 'humidity': 36.0, 'temperature': 34.0, 'experiment': 1.0, 'time': 1522085643.338869}
{'device': 'gnfuv-temp-exp1-55d487b85b-5ztk8', 'humidity': 36.0, 'temperature': 34.0, 'experiment': 1.0, 'time': 1522085648.070194}
{'device': 'gnfuv-temp-exp1-55d487b85b-5ztk8', 'humidity': 36.0, 'temperature': 34.0, 'experiment': 1.0, 'time': 1522085657.965841}
{'device': 'gnfuv-temp-exp1-55d487b85b-5ztk8', 'humidity': 36.0, 'temperature': 34.0, 'experiment': 1.0, 'time': 1522085663.066615}
{'device': 'gnfuv-temp-exp1-55d487b85b-5ztk8', 'humidity': 36.0, 'temperature': 34.0, 'experiment': 1.0, 'time': 1522085668.391028}
{'device': 'gnfuv-temp-exp1-55d487b85b-5ztk8', 'humidity': 36.0, 'temperature': 34.0, 'experiment': 1.0, 'time': 1522085673.156622}
{'device': 'gnfuv-temp-exp1-55d487b85b-5ztk8', 'humidity': 36.0, 'temperature': 34.0, 'experiment': 1.0, 'time': 1522085677.891156}
{'device': 'gnfuv-temp-exp1-55d487b85b-5ztk8', 'humidity': 36.0, 'temperature': 35.0, 'experiment': 1.0, 'time': 1522085682.68403}
{'device': 'gnfuv-temp-exp1-55d487b85b-5ztk8', 'humidity': 36.0, 'temperature': 35.0, 'experiment': 1.0, 'time': 1522085692.468597}
{'device': 'gnfuv-temp-exp1-55d487b85b-5ztk8', 'humidity': 36.0, 'temperature': 35.0, 'experiment': 1.0, 'time': 1522085697.21676}
{'device': 'gnfuv-temp-exp1-55d487b85b-5ztk8', 'humidity': 36.0, 'temperature': 35.0, 'experiment': 1.0, 'time': 1522085730.799481}
{'device': 'gnfuv-temp-exp1-55d487b85b-5ztk8', 'humidity': 36.0, 'temperature': 35.0, 'experiment': 1.0, 'time': 1522085764.381383}
{'device': 'gnfuv-temp-exp1-55d487b85b-5ztk8', 'humidity': 36.0, 'temperature': 35.0, 'experiment': 1.0, 'time': 1522085797.965306}
{'device': 'gnfuv-temp-exp1-55d487b85b-5ztk8', 'humidity': 37.0, 'temperature': 36.0, 'experiment': 1.0, 'time': 1522085831.547306}
{'device': 'gnfuv-temp-exp1-55d487b85b-5ztk8', 'humidity': 37.0, 'temperature': 36.0, 'experiment': 1.0, 'time': 1522085865.122075}
{'device': 'gnfuv-temp-exp1-55d487b85b-5ztk8', 'humidity': 37.0, 'temperature': 37.0, 'experiment': 1.0, 'time': 1522085901.224852}
{'device': 'gnfuv-temp-exp1-55d487b85b-5ztk8', 'humidity': 37.0, 'temperature': 37.0, 'experiment': 1.0, 'time': 1522085934.797948}
{'device': 'gnfuv-temp-exp1-55d487b85b-5ztk8', 'humidity': 37.0, 'temperature': 37.0, 'experiment': 1.0, 'time': 1522085968.384225}
{'device': 'gnfuv-temp-exp1-55d487b85b-5ztk8', 'humidity': 36.0, 'temperature': 37.0, 'experiment': 1.0, 'time': 1522086001.957679}
{'device': 'gnfuv-temp-exp1-55d487b85b-5ztk8', 'humidity': 20.0, 'temperature': 35.0, 'experiment': 1.0, 'time': 1522086035.532856}
{'device': 'gnfuv-temp-exp1-55d487b85b-5ztk8', 'humidity': 26.0, 'temperature': 30.0, 'experiment': 1.0, 'time': 1522086069.117119}
{'device': 'gnfuv-temp-exp1-55d487b85b-5ztk8', 'humidity': 30.0, 'temperature': 29.0, 'experiment': 1.0, 'time': 1522086102.697904}
{'device': 'gnfuv-temp-exp1-55d487b85b-5ztk8', 'humidity': 32.0, 'temperature': 26.0, 'experiment': 1.0, 'time': 1522086136.271829}
{'device': 'gnfuv-temp-exp1-55d487b85b-5ztk8', 'humidity': 37.0, 'temperature': 25.0, 'experiment': 1.0, 'time': 1522086169.847914}
{'device': 'gnfuv-temp-exp1-55d487b85b-5ztk8', 'humidity': 39.0, 'temperature': 24.0, 'experiment': 1.0, 'time': 1522086203.423333}
{'device': 'gnfuv-temp-exp1-55d487b85b-5ztk8', 'humidity': 41.0, 'temperature': 23.0, 'experiment': 1.0, 'time': 1522086237.004518}
{'device': 'gnfuv-temp-exp1-55d487b85b-5ztk8', 'humidity': 41.0, 'temperature': 24.0, 'experiment': 1.0, 'time': 1522086256.094067}
{'device': 'gnfuv-temp-exp1-55d487b85b-5ztk8', 'humidity': 41.0, 'temperature': 24.0, 'experiment': 1.0, 'time': 1522086263.37626}
{'device': 'gnfuv-temp-exp1-55d487b85b-5ztk8', 'humidity': 41.0, 'temperature': 23.0, 'experiment': 1.0, 'time': 1522086270.624552}
{'device': 'gnfuv-temp-exp1-55d487b85b-5ztk8', 'humidity': 41.0, 'temperature': 24.0, 'experiment': 1.0, 'time': 1522086277.884473}
{'device': 'gnfuv-temp-exp1-55d487b85b-5ztk8', 'humidity': 41.0, 'temperature': 23.0, 'experiment': 1.0, 'time': 1522086282.783622}
{'device': 'gnfuv-temp-exp1-55d487b85b-5ztk8', 'humidity': 41.0, 'temperature': 23.0, 'experiment': 1.0, 'time': 1522086287.479341}
{'device': 'gnfuv-temp-exp1-55d487b85b-5ztk8', 'humidity': 41.0, 'temperature': 23.0, 'experiment': 1.0, 'time': 1522086294.709431}
{'device': 'gnfuv-temp-exp1-55d487b85b-5ztk8', 'humidity': 42.0, 'temperature': 23.0, 'experiment': 1.0, 'time': 1522086304.462238}
{'device': 'gnfuv-temp-exp1-55d487b85b-5ztk8', 'humidity': 42.0, 'temperature': 23.0, 'experiment': 1.0, 'time': 1522086309.177186}
{'device': 'gnfuv-temp-exp1-55d487b85b-5ztk8', 'humidity': 43.0, 'temperature': 23.0, 'experiment': 1.0, 'time': 1522086313.876487}
{'device': 'gnfuv-temp-exp1-55d487b85b-5ztk8', 'humidity': 43.0, 'temperature': 23.0, 'experiment': 1.0, 'time': 1522086318.616692}
{'device': 'gnfuv-temp-exp1-55d487b85b-5ztk8', 'humidity': 43.0, 'temperature': 23.0, 'experiment': 1.0, 'time': 1522086323.319531}
{'device': 'gnfuv-temp-exp1-55d487b85b-5ztk8', 'humidity': 43.0, 'temperature': 23.0, 'experiment': 1.0, 'time': 1522086328.040799}
{'device': 'gnfuv-temp-exp1-55d487b85b-5ztk8', 'humidity': 44.0, 'temperature': 23.0, 'experiment': 1.0, 'time': 1522086332.757055}
{'device': 'gnfuv-temp-exp1-55d487b85b-5ztk8', 'humidity': 44.0, 'temperature': 24.0, 'experiment': 1.0, 'time': 1522086342.532404}
{'device': 'gnfuv-temp-exp1-55d487b85b-5ztk8', 'humidity': 44.0, 'temperature': 24.0, 'experiment': 1.0, 'time': 1522086347.756898}
{'device': 'gnfuv-temp-exp1-55d487b85b-5ztk8', 'humidity': 43.0, 'temperature': 24.0, 'experiment': 1.0, 'time': 1522086352.457459}
{'device': 'gnfuv-temp-exp1-55d487b85b-5ztk8', 'humidity': 41.0, 'temperature': 24.0, 'experiment': 1.0, 'time': 1522086362.343649}
{'device': 'gnfuv-temp-exp1-55d487b85b-5ztk8', 'humidity': 41.0, 'temperature': 24.0, 'experiment': 1.0, 'time': 1522086367.066654}
{'device': 'gnfuv-temp-exp1-55d487b85b-5ztk8', 'humidity': 41.0, 'temperature': 24.0, 'experiment': 1.0, 'time': 1522086376.863098}
{'device': 'gnfuv-temp-exp1-55d487b85b-5ztk8', 'humidity': 41.0, 'temperature': 24.0, 'experiment': 1.0, 'time': 1522086386.637019}
{'device': 'gnfuv-temp-exp1-55d487b85b-5ztk8', 'humidity': 40.0, 'temperature': 24.0, 'experiment': 1.0, 'time': 1522086393.911013}
{'device': 'gnfuv-temp-exp1-55d487b85b-5ztk8', 'humidity': 41.0, 'temperature': 24.0, 'experiment': 1.0, 'time': 1522086398.662245}
{'device': 'gnfuv-temp-exp1-55d487b85b-5ztk8', 'humidity': 40.0, 'temperature': 24.0, 'experiment': 1.0, 'time': 1522086405.925478}
{'device': 'gnfuv-temp-exp1-55d487b85b-5ztk8', 'humidity': 40.0, 'temperature': 24.0, 'experiment': 1.0, 'time': 1522086411.95177}
{'device': 'gnfuv-temp-exp1-55d487b85b-5ztk8', 'humidity': 40.0, 'temperature': 24.0, 'experiment': 1.0, 'time': 1522086416.716954}
{'device': 'gnfuv-temp-exp1-55d487b85b-5ztk8', 'humidity': 40.0, 'temperature': 24.0, 'experiment': 1.0, 'time': 1522086421.426279}
{'device': 'gnfuv-temp-exp1-55d487b85b-5ztk8', 'humidity': 40.0, 'temperature': 24.0, 'experiment': 1.0, 'time': 1522086426.304566}
{'device': 'gnfuv-temp-exp1-55d487b85b-5ztk8', 'humidity': 40.0, 'temperature': 24.0, 'experiment': 1.0, 'time': 1522086431.330747}
{'device': 'gnfuv-temp-exp1-55d487b85b-5ztk8', 'humidity': 40.0, 'temperature': 24.0, 'experiment': 1.0, 'time': 1522086436.076061}
{'device': 'gnfuv-temp-exp1-55d487b85b-5ztk8', 'humidity': 40.0, 'temperature': 24.0, 'experiment': 1.0, 'time': 1522086443.304272}
{'device': 'gnfuv-temp-exp1-55d487b85b-5ztk8', 'humidity': 39.0, 'temperature': 25.0, 'experiment': 1.0, 'time': 1522086448.132438}
{'device': 'gnfuv-temp-exp1-55d487b85b-5ztk8', 'humidity': 39.0, 'temperature': 25.0, 'experiment': 1.0, 'time': 1522086453.133678}
{'device': 'gnfuv-temp-exp1-55d487b85b-5ztk8', 'humidity': 39.0, 'temperature': 25.0, 'experiment': 1.0, 'time': 1522086457.984787}
{'device': 'gnfuv-temp-exp1-55d487b85b-5ztk8', 'humidity': 39.0, 'temperature': 25.0, 'experiment': 1.0, 'time': 1522086462.700187}
{'device': 'gnfuv-temp-exp1-55d487b85b-5ztk8', 'humidity': 39.0, 'temperature': 25.0, 'experiment': 1.0, 'time': 1522086468.308167}
{'device': 'gnfuv-temp-exp1-55d487b85b-5ztk8', 'humidity': 38.0, 'temperature': 25.0, 'experiment': 1.0, 'time': 1522086478.096769}
{'device': 'gnfuv-temp-exp1-55d487b85b-5ztk8', 'humidity': 38.0, 'temperature': 25.0, 'experiment': 1.0, 'time': 1522086485.674887}
{'device': 'gnfuv-temp-exp1-55d487b85b-5ztk8', 'humidity': 38.0, 'temperature': 25.0, 'experiment': 1.0, 'time': 1522086492.944371}
{'device': 'gnfuv-temp-exp1-55d487b85b-5ztk8', 'humidity': 38.0, 'temperature': 25.0, 'experiment': 1.0, 'time': 1522086497.668988}
{'device': 'gnfuv-temp-exp1-55d487b85b-5ztk8', 'humidity': 38.0, 'temperature': 25.0, 'experiment': 1.0, 'time': 1522086507.454201}
{'device': 'gnfuv-temp-exp1-55d487b85b-5ztk8', 'humidity': 39.0, 'temperature': 26.0, 'experiment': 1.0, 'time': 1522086514.731809}
{'device': 'gnfuv-temp-exp1-55d487b85b-5ztk8', 'humidity': 38.0, 'temperature': 26.0, 'experiment': 1.0, 'time': 1522086519.446929}
{'device': 'gnfuv-temp-exp1-55d487b85b-5ztk8', 'humidity': 38.0, 'temperature': 26.0, 'experiment': 1.0, 'time': 1522086524.201528}
{'device': 'gnfuv-temp-exp1-55d487b85b-5ztk8', 'humidity': 38.0, 'temperature': 26.0, 'experiment': 1.0, 'time': 1522086528.935861}
{'device': 'gnfuv-temp-exp1-55d487b85b-5ztk8', 'humidity': 37.0, 'temperature': 26.0, 'experiment': 1.0, 'time': 1522086538.699189}
{'device': 'gnfuv-temp-exp1-55d487b85b-5ztk8', 'humidity': 36.0, 'temperature': 26.0, 'experiment': 1.0, 'time': 1522086545.93335}
{'device': 'gnfuv-temp-exp1-55d487b85b-5ztk8', 'humidity': 36.0, 'temperature': 26.0, 'experiment': 1.0, 'time': 1522086550.686903}
{'device': 'gnfuv-temp-exp1-55d487b85b-5ztk8', 'humidity': 36.0, 'temperature': 26.0, 'experiment': 1.0, 'time': 1522086555.432078}
{'device': 'gnfuv-temp-exp1-55d487b85b-5ztk8', 'humidity': 36.0, 'temperature': 26.0, 'experiment': 1.0, 'time': 1522086560.179377}
{'device': 'gnfuv-temp-exp1-55d487b85b-5ztk8', 'humidity': 36.0, 'temperature': 26.0, 'experiment': 1.0, 'time': 1522086565.093721}
{'device': 'gnfuv-temp-exp1-55d487b85b-5ztk8', 'humidity': 35.0, 'temperature': 26.0, 'experiment': 1.0, 'time': 1522086572.456006}
{'device': 'gnfuv-temp-exp1-55d487b85b-5ztk8', 'humidity': 35.0, 'temperature': 26.0, 'experiment': 1.0, 'time': 1522086577.198877}
{'device': 'gnfuv-temp-exp1-55d487b85b-5ztk8', 'humidity': 35.0, 'temperature': 26.0, 'experiment': 1.0, 'time': 1522086581.913732}
{'device': 'gnfuv-temp-exp1-55d487b85b-5ztk8', 'humidity': 35.0, 'temperature': 26.0, 'experiment': 1.0, 'time': 1522086586.626431}
{'device': 'gnfuv-temp-exp1-55d487b85b-5ztk8', 'humidity': 34.0, 'temperature': 26.0, 'experiment': 1.0, 'time': 1522086596.698785}
{'device': 'gnfuv-temp-exp1-55d487b85b-5ztk8', 'humidity': 34.0, 'temperature': 26.0, 'experiment': 1.0, 'time': 1522086601.415601}
{'device': 'gnfuv-temp-exp1-55d487b85b-5ztk8', 'humidity': 35.0, 'temperature': 26.0, 'experiment': 1.0, 'time': 1522086606.138933}
{'device': 'gnfuv-temp-exp1-55d487b85b-5ztk8', 'humidity': 34.0, 'temperature': 26.0, 'experiment': 1.0, 'time': 1522086610.877501}
{'device': 'gnfuv-temp-exp1-55d487b85b-5ztk8', 'humidity': 34.0, 'temperature': 26.0, 'experiment': 1.0, 'time': 1522086618.143947}
{'device': 'gnfuv-temp-exp1-55d487b85b-5ztk8', 'humidity': 34.0, 'temperature': 26.0, 'experiment': 1.0, 'time': 1522086622.852185}
{'device': 'gnfuv-temp-exp1-55d487b85b-5ztk8', 'humidity': 34.0, 'temperature': 26.0, 'experiment': 1.0, 'time': 1522086630.086867}
{'device': 'gnfuv-temp-exp1-55d487b85b-5ztk8', 'humidity': 34.0, 'temperature': 26.0, 'experiment': 1.0, 'time': 1522086635.974561}
{'device': 'gnfuv-temp-exp1-55d487b85b-5ztk8', 'humidity': 34.0, 'temperature': 27.0, 'experiment': 1.0, 'time': 1522086643.761197}
{'device': 'gnfuv-temp-exp1-55d487b85b-5ztk8', 'humidity': 33.0, 'temperature': 26.0, 'experiment': 1.0, 'time': 1522086651.553221}
{'device': 'gnfuv-temp-exp1-55d487b85b-5ztk8', 'humidity': 33.0, 'temperature': 26.0, 'experiment': 1.0, 'time': 1522086656.57207}
{'device': 'gnfuv-temp-exp1-55d487b85b-5ztk8', 'humidity': 34.0, 'temperature': 27.0, 'experiment': 1.0, 'time': 1522086661.605271}
{'device': 'gnfuv-temp-exp1-55d487b85b-5ztk8', 'humidity': 34.0, 'temperature': 26.0, 'experiment': 1.0, 'time': 1522086666.60443}
{'device': 'gnfuv-temp-exp1-55d487b85b-5ztk8', 'humidity': 33.0, 'temperature': 26.0, 'experiment': 1.0, 'time': 1522086673.871115}
{'device': 'gnfuv-temp-exp1-55d487b85b-5ztk8', 'humidity': 34.0, 'temperature': 26.0, 'experiment': 1.0, 'time': 1522086689.044046}
{'device': 'gnfuv-temp-exp1-55d487b85b-5ztk8', 'humidity': 34.0, 'temperature': 26.0, 'experiment': 1.0, 'time': 1522086696.354302}
{'device': 'gnfuv-temp-exp1-55d487b85b-5ztk8', 'humidity': 34.0, 'temperature': 26.0, 'experiment': 1.0, 'time': 1522086713.750116}
{'device': 'gnfuv-temp-exp1-55d487b85b-5ztk8', 'humidity': 34.0, 'temperature': 27.0, 'experiment': 1.0, 'time': 1522086721.53364}
{'device': 'gnfuv-temp-exp1-55d487b85b-5ztk8', 'humidity': 34.0, 'temperature': 27.0, 'experiment': 1.0, 'time': 1522086726.336471}
{'device': 'gnfuv-temp-exp1-55d487b85b-5ztk8', 'humidity': 34.0, 'temperature': 27.0, 'experiment': 1.0, 'time': 1522086731.085767}
{'device': 'gnfuv-temp-exp1-55d487b85b-5ztk8', 'humidity': 34.0, 'temperature': 27.0, 'experiment': 1.0, 'time': 1522086738.346932}
{'device': 'gnfuv-temp-exp1-55d487b85b-5ztk8', 'humidity': 33.0, 'temperature': 27.0, 'experiment': 1.0, 'time': 1522086745.678646}
{'device': 'gnfuv-temp-exp1-55d487b85b-5ztk8', 'humidity': 33.0, 'temperature': 27.0, 'experiment': 1.0, 'time': 1522086750.625252}
{'device': 'gnfuv-temp-exp1-55d487b85b-5ztk8', 'humidity': 33.0, 'temperature': 27.0, 'experiment': 1.0, 'time': 1522086755.368808}
{'device': 'gnfuv-temp-exp1-55d487b85b-5ztk8', 'humidity': 33.0, 'temperature': 27.0, 'experiment': 1.0, 'time': 1522086760.084158}
{'device': 'gnfuv-temp-exp1-55d487b85b-5ztk8', 'humidity': 33.0, 'temperature': 27.0, 'experiment': 1.0, 'time': 1522086764.832517}
{'device': 'gnfuv-temp-exp1-55d487b85b-5ztk8', 'humidity': 33.0, 'temperature': 27.0, 'experiment': 1.0, 'time': 1522086772.104099}
{'device': 'gnfuv-temp-exp1-55d487b85b-5ztk8', 'humidity': 33.0, 'temperature': 27.0, 'experiment': 1.0, 'time': 1522086776.886318}
{'device': 'gnfuv-temp-exp1-55d487b85b-5ztk8', 'humidity': 33.0, 'temperature': 27.0, 'experiment': 1.0, 'time': 1522086784.354291}
{'device': 'gnfuv-temp-exp1-55d487b85b-5ztk8', 'humidity': 33.0, 'temperature': 27.0, 'experiment': 1.0, 'time': 1522086789.414148}
{'device': 'gnfuv-temp-exp1-55d487b85b-5ztk8', 'humidity': 33.0, 'temperature': 27.0, 'experiment': 1.0, 'time': 1522086801.785671}
{'device': 'gnfuv-temp-exp1-55d487b85b-5ztk8', 'humidity': 33.0, 'temperature': 27.0, 'experiment': 1.0, 'time': 1522086809.014316}
{'device': 'gnfuv-temp-exp1-55d487b85b-5ztk8', 'humidity': 33.0, 'temperature': 27.0, 'experiment': 1.0, 'time': 1522086816.404236}
{'device': 'gnfuv-temp-exp1-55d487b85b-5ztk8', 'humidity': 32.0, 'temperature': 27.0, 'experiment': 1.0, 'time': 1522086823.665221}
{'device': 'gnfuv-temp-exp1-55d487b85b-5ztk8', 'humidity': 32.0, 'temperature': 27.0, 'experiment': 1.0, 'time': 1522086828.385203}
{'device': 'gnfuv-temp-exp1-55d487b85b-5ztk8', 'humidity': 33.0, 'temperature': 26.0, 'experiment': 1.0, 'time': 1522086834.059417}
{'device': 'gnfuv-temp-exp1-55d487b85b-5ztk8', 'humidity': 33.0, 'temperature': 27.0, 'experiment': 1.0, 'time': 1522086839.100032}
{'device': 'gnfuv-temp-exp1-55d487b85b-5ztk8', 'humidity': 33.0, 'temperature': 26.0, 'experiment': 1.0, 'time': 1522086844.434299}
{'device': 'gnfuv-temp-exp1-55d487b85b-5ztk8', 'humidity': 33.0, 'temperature': 27.0, 'experiment': 1.0, 'time': 1522086859.69548}
{'device': 'gnfuv-temp-exp1-55d487b85b-5ztk8', 'humidity': 33.0, 'temperature': 27.0, 'experiment': 1.0, 'time': 1522086865.211229}
{'device': 'gnfuv-temp-exp1-55d487b85b-5ztk8', 'humidity': 33.0, 'temperature': 26.0, 'experiment': 1.0, 'time': 1522086871.131777}
{'device': 'gnfuv-temp-exp1-55d487b85b-5ztk8', 'humidity': 33.0, 'temperature': 26.0, 'experiment': 1.0, 'time': 1522086876.503277}
{'device': 'gnfuv-temp-exp1-55d487b85b-5ztk8', 'humidity': 33.0, 'temperature': 27.0, 'experiment': 1.0, 'time': 1522086881.535446}
{'device': 'gnfuv-temp-exp1-55d487b85b-5ztk8', 'humidity': 34.0, 'temperature': 27.0, 'experiment': 1.0, 'time': 1522086886.313324}
{'device': 'gnfuv-temp-exp1-55d487b85b-5ztk8', 'humidity': 34.0, 'temperature': 27.0, 'experiment': 1.0, 'time': 1522086891.035489}
{'device': 'gnfuv-temp-exp1-55d487b85b-5ztk8', 'humidity': 34.0, 'temperature': 27.0, 'experiment': 1.0, 'time': 1522086898.375501}
{'device': 'gnfuv-temp-exp1-55d487b85b-5ztk8', 'humidity': 34.0, 'temperature': 27.0, 'experiment': 1.0, 'time': 1522086905.779475}
{'device': 'gnfuv-temp-exp1-55d487b85b-5ztk8', 'humidity': 34.0, 'temperature': 27.0, 'experiment': 1.0, 'time': 1522086913.032032}
{'device': 'gnfuv-temp-exp1-55d487b85b-5ztk8', 'humidity': 34.0, 'temperature': 27.0, 'experiment': 1.0, 'time': 1522086917.772779}
{'device': 'gnfuv-temp-exp1-55d487b85b-5ztk8', 'humidity': 33.0, 'temperature': 27.0, 'experiment': 1.0, 'time': 1522086922.994558}
{'device': 'gnfuv-temp-exp1-55d487b85b-5ztk8', 'humidity': 34.0, 'temperature': 27.0, 'experiment': 1.0, 'time': 1522086928.663842}
{'device': 'gnfuv-temp-exp1-55d487b85b-5ztk8', 'humidity': 34.0, 'temperature': 26.0, 'experiment': 1.0, 'time': 1522086934.530228}
{'device': 'gnfuv-temp-exp1-55d487b85b-5ztk8', 'humidity': 34.0, 'temperature': 27.0, 'experiment': 1.0, 'time': 1522086940.110558}
{'device': 'gnfuv-temp-exp1-55d487b85b-5ztk8', 'humidity': 34.0, 'temperature': 26.0, 'experiment': 1.0, 'time': 1522086945.746684}
{'device': 'gnfuv-temp-exp1-55d487b85b-5ztk8', 'humidity': 33.0, 'temperature': 26.0, 'experiment': 1.0, 'time': 1522086953.024975}
{'device': 'gnfuv-temp-exp1-55d487b85b-5ztk8', 'humidity': 34.0, 'temperature': 26.0, 'experiment': 1.0, 'time': 1522086957.778893}
{'device': 'gnfuv-temp-exp1-55d487b85b-5ztk8', 'humidity': 34.0, 'temperature': 26.0, 'experiment': 1.0, 'time': 1522086962.482376}
{'device': 'gnfuv-temp-exp1-55d487b85b-5ztk8', 'humidity': 33.0, 'temperature': 26.0, 'experiment': 1.0, 'time': 1522086972.269131}
{'device': 'gnfuv-temp-exp1-55d487b85b-5ztk8', 'humidity': 34.0, 'temperature': 26.0, 'experiment': 1.0, 'time': 1522086979.535088}
{'device': 'gnfuv-temp-exp1-55d487b85b-5ztk8', 'humidity': 34.0, 'temperature': 26.0, 'experiment': 1.0, 'time': 1522086984.29301}
{'device': 'gnfuv-temp-exp1-55d487b85b-5ztk8', 'humidity': 34.0, 'temperature': 26.0, 'experiment': 1.0, 'time': 1522086994.074}
{'device': 'gnfuv-temp-exp1-55d487b85b-5ztk8', 'humidity': 33.0, 'temperature': 25.0, 'experiment': 1.0, 'time': 1522086998.822572}
{'device': 'gnfuv-temp-exp1-55d487b85b-5ztk8', 'humidity': 33.0, 'temperature': 25.0, 'experiment': 1.0, 'time': 1522087003.762414}
{'device': 'gnfuv-temp-exp1-55d487b85b-5ztk8', 'humidity': 33.0, 'temperature': 25.0, 'experiment': 1.0, 'time': 1522087008.483268}
{'device': 'gnfuv-temp-exp1-55d487b85b-5ztk8', 'humidity': 34.0, 'temperature': 25.0, 'experiment': 1.0, 'time': 1522087013.224777}
{'device': 'gnfuv-temp-exp1-55d487b85b-5ztk8', 'humidity': 34.0, 'temperature': 25.0, 'experiment': 1.0, 'time': 1522087017.944857}
{'device': 'gnfuv-temp-exp1-55d487b85b-5ztk8', 'humidity': 34.0, 'temperature': 25.0, 'experiment': 1.0, 'time': 1522087022.698541}
{'device': 'gnfuv-temp-exp1-55d487b85b-5ztk8', 'humidity': 34.0, 'temperature': 25.0, 'experiment': 1.0, 'time': 1522087029.969763}
{'device': 'gnfuv-temp-exp1-55d487b85b-5ztk8', 'humidity': 34.0, 'temperature': 25.0, 'experiment': 1.0, 'time': 1522087042.264319}
{'device': 'gnfuv-temp-exp1-55d487b85b-5ztk8', 'humidity': 34.0, 'temperature': 25.0, 'experiment': 1.0, 'time': 1522087047.03447}
{'device': 'gnfuv-temp-exp1-55d487b85b-5ztk8', 'humidity': 35.0, 'temperature': 25.0, 'experiment': 1.0, 'time': 1522087051.754954}
{'device': 'gnfuv-temp-exp1-55d487b85b-5ztk8', 'humidity': 34.0, 'temperature': 25.0, 'experiment': 1.0, 'time': 1522087064.06655}
{'device': 'gnfuv-temp-exp1-55d487b85b-5ztk8', 'humidity': 34.0, 'temperature': 25.0, 'experiment': 1.0, 'time': 1522087068.815857}
{'device': 'gnfuv-temp-exp1-55d487b85b-5ztk8', 'humidity': 35.0, 'temperature': 25.0, 'experiment': 1.0, 'time': 1522087073.522141}
{'device': 'gnfuv-temp-exp1-55d487b85b-5ztk8', 'humidity': 35.0, 'temperature': 25.0, 'experiment': 1.0, 'time': 1522087078.28232}
{'device': 'gnfuv-temp-exp1-55d487b85b-5ztk8', 'humidity': 35.0, 'temperature': 25.0, 'experiment': 1.0, 'time': 1522087082.993599}
{'device': 'gnfuv-temp-exp1-55d487b85b-5ztk8', 'humidity': 34.0, 'temperature': 25.0, 'experiment': 1.0, 'time': 1522087092.751245}
{'device': 'gnfuv-temp-exp1-55d487b85b-5ztk8', 'humidity': 34.0, 'temperature': 25.0, 'experiment': 1.0, 'time': 1522087100.072766}
{'device': 'gnfuv-temp-exp1-55d487b85b-5ztk8', 'humidity': 35.0, 'temperature': 26.0, 'experiment': 1.0, 'time': 1522087134.808136}
{'device': 'gnfuv-temp-exp1-55d487b85b-5ztk8', 'humidity': 36.0, 'temperature': 26.0, 'experiment': 1.0, 'time': 1522087168.388057}
{'device': 'gnfuv-temp-exp1-55d487b85b-5ztk8', 'humidity': 35.0, 'temperature': 26.0, 'experiment': 1.0, 'time': 1522087201.96208}
{'device': 'gnfuv-temp-exp1-55d487b85b-5ztk8', 'humidity': 34.0, 'temperature': 26.0, 'experiment': 1.0, 'time': 1522087206.670603}
{'device': 'gnfuv-temp-exp1-55d487b85b-5ztk8', 'humidity': 34.0, 'temperature': 26.0, 'experiment': 1.0, 'time': 1522087211.399202}
{'device': 'gnfuv-temp-exp1-55d487b85b-5ztk8', 'humidity': 34.0, 'temperature': 26.0, 'experiment': 1.0, 'time': 1522087216.099018}
{'device': 'gnfuv-temp-exp1-55d487b85b-5ztk8', 'humidity': 34.0, 'temperature': 26.0, 'experiment': 1.0, 'time': 1522087223.334029}
{'device': 'gnfuv-temp-exp1-55d487b85b-5ztk8', 'humidity': 34.0, 'temperature': 26.0, 'experiment': 1.0, 'time': 1522087228.098922}
{'device': 'gnfuv-temp-exp1-55d487b85b-5ztk8', 'humidity': 33.0, 'temperature': 26.0, 'experiment': 1.0, 'time': 1522087235.41077}
{'device': 'gnfuv-temp-exp1-55d487b85b-5ztk8', 'humidity': 33.0, 'temperature': 26.0, 'experiment': 1.0, 'time': 1522087240.177564}
{'device': 'gnfuv-temp-exp1-55d487b85b-5ztk8', 'humidity': 33.0, 'temperature': 26.0, 'experiment': 1.0, 'time': 1522087246.335157}
{'device': 'gnfuv-temp-exp1-55d487b85b-5ztk8', 'humidity': 33.0, 'temperature': 26.0, 'experiment': 1.0, 'time': 1522087256.581321}
{'device': 'gnfuv-temp-exp1-55d487b85b-5ztk8', 'humidity': 33.0, 'temperature': 26.0, 'experiment': 1.0, 'time': 1522087261.351492}
{'device': 'gnfuv-temp-exp1-55d487b85b-5ztk8', 'humidity': 33.0, 'temperature': 26.0, 'experiment': 1.0, 'time': 1522087271.37045}
{'device': 'gnfuv-temp-exp1-55d487b85b-5ztk8', 'humidity': 33.0, 'temperature': 26.0, 'experiment': 1.0, 'time': 1522087276.291116}
{'device': 'gnfuv-temp-exp1-55d487b85b-5ztk8', 'humidity': 33.0, 'temperature': 26.0, 'experiment': 1.0, 'time': 1522087288.922054}
{'device': 'gnfuv-temp-exp1-55d487b85b-5ztk8', 'humidity': 33.0, 'temperature': 26.0, 'experiment': 1.0, 'time': 1522087293.859555}
{'device': 'gnfuv-temp-exp1-55d487b85b-5ztk8', 'humidity': 33.0, 'temperature': 26.0, 'experiment': 1.0, 'time': 1522087298.837765}
{'device': 'gnfuv-temp-exp1-55d487b85b-5ztk8', 'humidity': 33.0, 'temperature': 26.0, 'experiment': 1.0, 'time': 1522087304.151987}
{'device': 'gnfuv-temp-exp1-55d487b85b-5ztk8', 'humidity': 33.0, 'temperature': 26.0, 'experiment': 1.0, 'time': 1522087311.595172}
{'device': 'gnfuv-temp-exp1-55d487b85b-5ztk8', 'humidity': 33.0, 'temperature': 27.0, 'experiment': 1.0, 'time': 1522087317.220398}
{'device': 'gnfuv-temp-exp1-55d487b85b-5ztk8', 'humidity': 33.0, 'temperature': 27.0, 'experiment': 1.0, 'time': 1522087322.212509}
{'device': 'gnfuv-temp-exp1-55d487b85b-5ztk8', 'humidity': 33.0, 'temperature': 27.0, 'experiment': 1.0, 'time': 1522087326.912189}
{'device': 'gnfuv-temp-exp1-55d487b85b-5ztk8', 'humidity': 33.0, 'temperature': 27.0, 'experiment': 1.0, 'time': 1522087344.259579}
{'device': 'gnfuv-temp-exp1-55d487b85b-5ztk8', 'humidity': 33.0, 'temperature': 27.0, 'experiment': 1.0, 'time': 1522087349.618335}
{'device': 'gnfuv-temp-exp1-55d487b85b-5ztk8', 'humidity': 33.0, 'temperature': 27.0, 'experiment': 1.0, 'time': 1522087355.461208}
{'device': 'gnfuv-temp-exp1-55d487b85b-5ztk8', 'humidity': 33.0, 'temperature': 27.0, 'experiment': 1.0, 'time': 1522087363.365442}
{'device': 'gnfuv-temp-exp1-55d487b85b-5ztk8', 'humidity': 33.0, 'temperature': 27.0, 'experiment': 1.0, 'time': 1522087368.374541}
{'device': 'gnfuv-temp-exp1-55d487b85b-5ztk8', 'humidity': 33.0, 'temperature': 27.0, 'experiment': 1.0, 'time': 1522087374.03261}
{'device': 'gnfuv-temp-exp1-55d487b85b-5ztk8', 'humidity': 33.0, 'temperature': 27.0, 'experiment': 1.0, 'time': 1522087379.556383}
{'device': 'gnfuv-temp-exp1-55d487b85b-5ztk8', 'humidity': 33.0, 'temperature': 27.0, 'experiment': 1.0, 'time': 1522087385.008658}
{'device': 'gnfuv-temp-exp1-55d487b85b-5ztk8', 'humidity': 33.0, 'temperature': 26.0, 'experiment': 1.0, 'time': 1522087395.307686}
{'device': 'gnfuv-temp-exp1-55d487b85b-5ztk8', 'humidity': 33.0, 'temperature': 26.0, 'experiment': 1.0, 'time': 1522087431.408524}
{'device': 'gnfuv-temp-exp1-55d487b85b-5ztk8', 'humidity': 34.0, 'temperature': 26.0, 'experiment': 1.0, 'time': 1522087464.982035}
{'device': 'gnfuv-temp-exp1-55d487b85b-5ztk8', 'humidity': 35.0, 'temperature': 26.0, 'experiment': 1.0, 'time': 1522087498.556719}
{'device': 'gnfuv-temp-exp1-55d487b85b-5ztk8', 'humidity': 35.0, 'temperature': 26.0, 'experiment': 1.0, 'time': 1522087534.664988}
{'device': 'gnfuv-temp-exp1-55d487b85b-5ztk8', 'humidity': 35.0, 'temperature': 25.0, 'experiment': 1.0, 'time': 1522087568.238699}
{'device': 'gnfuv-temp-exp1-55d487b85b-5ztk8', 'humidity': 36.0, 'temperature': 26.0, 'experiment': 1.0, 'time': 1522087601.818026}
{'device': 'gnfuv-temp-exp1-55d487b85b-5ztk8', 'humidity': 35.0, 'temperature': 26.0, 'experiment': 1.0, 'time': 1522087635.393203}
{'device': 'gnfuv-temp-exp1-55d487b85b-5ztk8', 'humidity': 34.0, 'temperature': 26.0, 'experiment': 1.0, 'time': 1522087674.026293}
{'device': 'gnfuv-temp-exp1-55d487b85b-5ztk8', 'humidity': 34.0, 'temperature': 26.0, 'experiment': 1.0, 'time': 1522087707.609493}
{'device': 'gnfuv-temp-exp1-55d487b85b-5ztk8', 'humidity': 33.0, 'temperature': 26.0, 'experiment': 1.0, 'time': 1522087741.183761}
{'device': 'gnfuv-temp-exp1-55d487b85b-5ztk8', 'humidity': 33.0, 'temperature': 26.0, 'experiment': 1.0, 'time': 1522087774.764589}
{'device': 'gnfuv-temp-exp1-55d487b85b-5ztk8', 'humidity': 35.0, 'temperature': 26.0, 'experiment': 1.0, 'time': 1522087813.39724}
{'device': 'gnfuv-temp-exp1-55d487b85b-5ztk8', 'humidity': 34.0, 'temperature': 26.0, 'experiment': 1.0, 'time': 1522087852.033626}
{'device': 'gnfuv-temp-exp1-55d487b85b-5ztk8', 'humidity': 34.0, 'temperature': 26.0, 'experiment': 1.0, 'time': 1522087885.611329}
{'device': 'gnfuv-temp-exp1-55d487b85b-5ztk8', 'humidity': 34.0, 'temperature': 26.0, 'experiment': 1.0, 'time': 1522087919.187297}
{'device': 'gnfuv-temp-exp1-55d487b85b-5ztk8', 'humidity': 34.0, 'temperature': 26.0, 'experiment': 1.0, 'time': 1522087952.760792}
{'device': 'gnfuv-temp-exp1-55d487b85b-5ztk8', 'humidity': 33.0, 'temperature': 26.0, 'experiment': 1.0, 'time': 1522087986.335165}
{'device': 'gnfuv-temp-exp1-55d487b85b-5ztk8', 'humidity': 33.0, 'temperature': 26.0, 'experiment': 1.0, 'time': 1522088022.44335}
{'device': 'gnfuv-temp-exp1-55d487b85b-5ztk8', 'humidity': 33.0, 'temperature': 26.0, 'experiment': 1.0, 'time': 1522088061.080332}
{'device': 'gnfuv-temp-exp1-55d487b85b-5ztk8', 'humidity': 33.0, 'temperature': 26.0, 'experiment': 1.0, 'time': 1522088094.661544}
{'device': 'gnfuv-temp-exp1-55d487b85b-5ztk8', 'humidity': 33.0, 'temperature': 26.0, 'experiment': 1.0, 'time': 1522088128.234405}
{'device': 'gnfuv-temp-exp1-55d487b85b-5ztk8', 'humidity': 35.0, 'temperature': 25.0, 'experiment': 1.0, 'time': 1522088161.808253}
{'device': 'gnfuv-temp-exp1-55d487b85b-5ztk8', 'humidity': 37.0, 'temperature': 24.0, 'experiment': 1.0, 'time': 1522088195.396602}
{'device': 'gnfuv-temp-exp1-55d487b85b-5ztk8', 'humidity': 39.0, 'temperature': 24.0, 'experiment': 1.0, 'time': 1522088231.49438}
{'device': 'gnfuv-temp-exp1-55d487b85b-5ztk8', 'humidity': 39.0, 'temperature': 24.0, 'experiment': 1.0, 'time': 1522088265.075431}
{'device': 'gnfuv-temp-exp1-55d487b85b-5ztk8', 'humidity': 41.0, 'temperature': 23.0, 'experiment': 1.0, 'time': 1522088298.661582}
{'device': 'gnfuv-temp-exp1-55d487b85b-5ztk8', 'humidity': 41.0, 'temperature': 23.0, 'experiment': 1.0, 'time': 1522088332.241019}
{'device': 'gnfuv-temp-exp1-55d487b85b-5ztk8', 'humidity': 43.0, 'temperature': 22.0, 'experiment': 1.0, 'time': 1522088365.814632}
{'device': 'gnfuv-temp-exp1-55d487b85b-5ztk8', 'humidity': 44.0, 'temperature': 22.0, 'experiment': 1.0, 'time': 1522088399.395473}
{'device': 'gnfuv-temp-exp1-55d487b85b-5ztk8', 'humidity': 42.0, 'temperature': 23.0, 'experiment': 1.0, 'time': 1522088435.495737}
{'device': 'gnfuv-temp-exp1-55d487b85b-5ztk8', 'humidity': 42.0, 'temperature': 22.0, 'experiment': 1.0, 'time': 1522088471.595489}
{'device': 'gnfuv-temp-exp1-55d487b85b-5ztk8', 'humidity': 42.0, 'temperature': 22.0, 'experiment': 1.0, 'time': 1522088478.867292}
{'device': 'gnfuv-temp-exp1-55d487b85b-5ztk8', 'humidity': 42.0, 'temperature': 22.0, 'experiment': 1.0, 'time': 1522088486.125385}
{'device': 'gnfuv-temp-exp1-55d487b85b-5ztk8', 'humidity': 42.0, 'temperature': 22.0, 'experiment': 1.0, 'time': 1522088491.293181}
{'device': 'gnfuv-temp-exp1-55d487b85b-5ztk8', 'humidity': 42.0, 'temperature': 22.0, 'experiment': 1.0, 'time': 1522088496.405265}
{'device': 'gnfuv-temp-exp1-55d487b85b-5ztk8', 'humidity': 42.0, 'temperature': 22.0, 'experiment': 1.0, 'time': 1522088502.041829}
{'device': 'gnfuv-temp-exp1-55d487b85b-5ztk8', 'humidity': 42.0, 'temperature': 22.0, 'experiment': 1.0, 'time': 1522088518.197108}
{'device': 'gnfuv-temp-exp1-55d487b85b-5ztk8', 'humidity': 42.0, 'temperature': 22.0, 'experiment': 1.0, 'time': 1522088523.758441}
{'device': 'gnfuv-temp-exp1-55d487b85b-5ztk8', 'humidity': 42.0, 'temperature': 22.0, 'experiment': 1.0, 'time': 1522088529.397216}
{'device': 'gnfuv-temp-exp1-55d487b85b-5ztk8', 'humidity': 42.0, 'temperature': 22.0, 'experiment': 1.0, 'time': 1522088534.959204}
{'device': 'gnfuv-temp-exp1-55d487b85b-5ztk8', 'humidity': 42.0, 'temperature': 22.0, 'experiment': 1.0, 'time': 1522088540.799216}
{'device': 'gnfuv-temp-exp1-55d487b85b-5ztk8', 'humidity': 43.0, 'temperature': 22.0, 'experiment': 1.0, 'time': 1522088549.384243}
{'device': 'gnfuv-temp-exp1-55d487b85b-5ztk8', 'humidity': 43.0, 'temperature': 22.0, 'experiment': 1.0, 'time': 1522088558.415164}
{'device': 'gnfuv-temp-exp1-55d487b85b-5ztk8', 'humidity': 43.0, 'temperature': 22.0, 'experiment': 1.0, 'time': 1522088564.939762}
{'device': 'gnfuv-temp-exp1-55d487b85b-5ztk8', 'humidity': 43.0, 'temperature': 22.0, 'experiment': 1.0, 'time': 1522088570.504364}
{'device': 'gnfuv-temp-exp1-55d487b85b-5ztk8', 'humidity': 43.0, 'temperature': 22.0, 'experiment': 1.0, 'time': 1522088576.08441}
{'device': 'gnfuv-temp-exp1-55d487b85b-5ztk8', 'humidity': 43.0, 'temperature': 22.0, 'experiment': 1.0, 'time': 1522088581.79229}
{'device': 'gnfuv-temp-exp1-55d487b85b-5ztk8', 'humidity': 43.0, 'temperature': 22.0, 'experiment': 1.0, 'time': 1522088590.249128}
{'device': 'gnfuv-temp-exp1-55d487b85b-5ztk8', 'humidity': 43.0, 'temperature': 22.0, 'experiment': 1.0, 'time': 1522088595.860993}
{'device': 'gnfuv-temp-exp1-55d487b85b-5ztk8', 'humidity': 43.0, 'temperature': 22.0, 'experiment': 1.0, 'time': 1522088601.426109}
{'device': 'gnfuv-temp-exp1-55d487b85b-5ztk8', 'humidity': 43.0, 'temperature': 22.0, 'experiment': 1.0, 'time': 1522088607.972249}
{'device': 'gnfuv-temp-exp1-55d487b85b-5ztk8', 'humidity': 43.0, 'temperature': 22.0, 'experiment': 1.0, 'time': 1522088613.530951}
{'device': 'gnfuv-temp-exp1-55d487b85b-5ztk8', 'humidity': 43.0, 'temperature': 22.0, 'experiment': 1.0, 'time': 1522088619.094073}
{'device': 'gnfuv-temp-exp1-55d487b85b-5ztk8', 'humidity': 43.0, 'temperature': 22.0, 'experiment': 1.0, 'time': 1522088627.224077}
{'device': 'gnfuv-temp-exp1-55d487b85b-5ztk8', 'humidity': 43.0, 'temperature': 22.0, 'experiment': 1.0, 'time': 1522088633.923792}
{'device': 'gnfuv-temp-exp1-55d487b85b-5ztk8', 'humidity': 43.0, 'temperature': 22.0, 'experiment': 1.0, 'time': 1522088639.481777}
{'device': 'gnfuv-temp-exp1-55d487b85b-5ztk8', 'humidity': 43.0, 'temperature': 22.0, 'experiment': 1.0, 'time': 1522088645.259661}
{'device': 'gnfuv-temp-exp1-55d487b85b-5ztk8', 'humidity': 43.0, 'temperature': 23.0, 'experiment': 1.0, 'time': 1522088653.369016}
{'device': 'gnfuv-temp-exp1-55d487b85b-5ztk8', 'humidity': 43.0, 'temperature': 22.0, 'experiment': 1.0, 'time': 1522088689.470052}
{'device': 'gnfuv-temp-exp1-55d487b85b-5ztk8', 'humidity': 42.0, 'temperature': 22.0, 'experiment': 1.0, 'time': 1522088723.051652}
{'device': 'gnfuv-temp-exp1-55d487b85b-5ztk8', 'humidity': 42.0, 'temperature': 22.0, 'experiment': 1.0, 'time': 1522088764.224339}
{'device': 'gnfuv-temp-exp1-55d487b85b-5ztk8', 'humidity': 42.0, 'temperature': 22.0, 'experiment': 1.0, 'time': 1522088797.805451}
{'device': 'gnfuv-temp-exp1-55d487b85b-5ztk8', 'humidity': 42.0, 'temperature': 22.0, 'experiment': 1.0, 'time': 1522088831.396672}
{'device': 'gnfuv-temp-exp1-55d487b85b-5ztk8', 'humidity': 42.0, 'temperature': 22.0, 'experiment': 1.0, 'time': 1522088864.970426}
{'device': 'gnfuv-temp-exp1-55d487b85b-5ztk8', 'humidity': 43.0, 'temperature': 22.0, 'experiment': 1.0, 'time': 1522088898.541536}
{'device': 'gnfuv-temp-exp1-55d487b85b-5ztk8', 'humidity': 43.0, 'temperature': 23.0, 'experiment': 1.0, 'time': 1522088932.114356}
{'device': 'gnfuv-temp-exp1-55d487b85b-5ztk8', 'humidity': 42.0, 'temperature': 23.0, 'experiment': 1.0, 'time': 1522088965.687615}
{'device': 'gnfuv-temp-exp1-55d487b85b-5ztk8', 'humidity': 43.0, 'temperature': 22.0, 'experiment': 1.0, 'time': 1522089001.788367}
{'device': 'gnfuv-temp-exp1-55d487b85b-5ztk8', 'humidity': 43.0, 'temperature': 22.0, 'experiment': 1.0, 'time': 1522089023.460658}
{'device': 'gnfuv-temp-exp1-55d487b85b-5ztk8', 'humidity': 43.0, 'temperature': 22.0, 'experiment': 1.0, 'time': 1522089029.022157}
{'device': 'gnfuv-temp-exp1-55d487b85b-5ztk8', 'humidity': 43.0, 'temperature': 22.0, 'experiment': 1.0, 'time': 1522089037.224432}
{'device': 'gnfuv-temp-exp1-55d487b85b-5ztk8', 'humidity': 43.0, 'temperature': 22.0, 'experiment': 1.0, 'time': 1522089042.803608}
{'device': 'gnfuv-temp-exp1-55d487b85b-5ztk8', 'humidity': 43.0, 'temperature': 22.0, 'experiment': 1.0, 'time': 1522089048.88188}
{'device': 'gnfuv-temp-exp1-55d487b85b-5ztk8', 'humidity': 43.0, 'temperature': 22.0, 'experiment': 1.0, 'time': 1522089059.955607}
{'device': 'gnfuv-temp-exp1-55d487b85b-5ztk8', 'humidity': None, 'temperature': None, 'experiment': 1.0, 'time': 1522089102.905575}
{'device': 'gnfuv-temp-exp1-55d487b85b-5ztk8', 'humidity': 41.0, 'temperature': 23.0, 'experiment': 1.0, 'time': 1522089111.460031}
{'device': 'gnfuv-temp-exp1-55d487b85b-5ztk8', 'humidity': 41.0, 'temperature': 23.0, 'experiment': 1.0, 'time': 1522089117.952596}
{'device': 'gnfuv-temp-exp1-55d487b85b-5ztk8', 'humidity': 41.0, 'temperature': 23.0, 'experiment': 1.0, 'time': 1522089124.152751}
{'device': 'gnfuv-temp-exp1-55d487b85b-5ztk8', 'humidity': 40.0, 'temperature': 23.0, 'experiment': 1.0, 'time': 1522089129.732632}
{'device': 'gnfuv-temp-exp1-55d487b85b-5ztk8', 'humidity': 41.0, 'temperature': 23.0, 'experiment': 1.0, 'time': 1522089136.263863}
{'device': 'gnfuv-temp-exp1-55d487b85b-5ztk8', 'humidity': 41.0, 'temperature': 23.0, 'experiment': 1.0, 'time': 1522089142.299399}
{'device': 'gnfuv-temp-exp1-55d487b85b-5ztk8', 'humidity': 41.0, 'temperature': 23.0, 'experiment': 1.0, 'time': 1522089147.869611}
{'device': 'gnfuv-temp-exp1-55d487b85b-5ztk8', 'humidity': 41.0, 'temperature': 23.0, 'experiment': 1.0, 'time': 1522089153.498404}
{'device': 'gnfuv-temp-exp1-55d487b85b-5ztk8', 'humidity': 41.0, 'temperature': 23.0, 'experiment': 1.0, 'time': 1522089166.638874}
{'device': 'gnfuv-temp-exp1-55d487b85b-5ztk8', 'humidity': 41.0, 'temperature': 23.0, 'experiment': 1.0, 'time': 1522089172.197078}
{'device': 'gnfuv-temp-exp1-55d487b85b-5ztk8', 'humidity': 40.0, 'temperature': 23.0, 'experiment': 1.0, 'time': 1522089177.995387}
{'device': 'gnfuv-temp-exp1-55d487b85b-5ztk8', 'humidity': 40.0, 'temperature': 23.0, 'experiment': 1.0, 'time': 1522089184.076542}
{'device': 'gnfuv-temp-exp1-55d487b85b-5ztk8', 'humidity': 40.0, 'temperature': 23.0, 'experiment': 1.0, 'time': 1522089195.181801}
{'device': 'gnfuv-temp-exp1-55d487b85b-5ztk8', 'humidity': 40.0, 'temperature': 23.0, 'experiment': 1.0, 'time': 1522089203.270024}
{'device': 'gnfuv-temp-exp1-55d487b85b-5ztk8', 'humidity': 41.0, 'temperature': 23.0, 'experiment': 1.0, 'time': 1522089216.772149}
{'device': 'gnfuv-temp-exp1-55d487b85b-5ztk8', 'humidity': 42.0, 'temperature': 23.0, 'experiment': 1.0, 'time': 1522089225.070096}
{'device': 'gnfuv-temp-exp1-55d487b85b-5ztk8', 'humidity': 42.0, 'temperature': 23.0, 'experiment': 1.0, 'time': 1522089230.786154}
{'device': 'gnfuv-temp-exp1-55d487b85b-5ztk8', 'humidity': None, 'temperature': None, 'experiment': 1.0, 'time': 1522089274.195616}
{'device': 'gnfuv-temp-exp1-55d487b85b-5ztk8', 'humidity': 42.0, 'temperature': 23.0, 'experiment': 1.0, 'time': 1522089280.436032}
{'device': 'gnfuv-temp-exp1-55d487b85b-5ztk8', 'humidity': 42.0, 'temperature': 23.0, 'experiment': 1.0, 'time': 1522089286.621324}
{'device': 'gnfuv-temp-exp1-55d487b85b-5ztk8', 'humidity': 42.0, 'temperature': 23.0, 'experiment': 1.0, 'time': 1522089294.726324}
{'device': 'gnfuv-temp-exp1-55d487b85b-5ztk8', 'humidity': 42.0, 'temperature': 23.0, 'experiment': 1.0, 'time': 1522089300.283415}
{'device': 'gnfuv-temp-exp1-55d487b85b-5ztk8', 'humidity': 42.0, 'temperature': 23.0, 'experiment': 1.0, 'time': 1522089305.844816}
{'device': 'gnfuv-temp-exp1-55d487b85b-5ztk8', 'humidity': 42.0, 'temperature': 23.0, 'experiment': 1.0, 'time': 1522089311.812227}
{'device': 'gnfuv-temp-exp1-55d487b85b-5ztk8', 'humidity': 42.0, 'temperature': 23.0, 'experiment': 1.0, 'time': 1522089345.382172}
{'device': 'gnfuv-temp-exp1-55d487b85b-5ztk8', 'humidity': 40.0, 'temperature': 23.0, 'experiment': 1.0, 'time': 1522089378.962139}
{'device': 'gnfuv-temp-exp1-55d487b85b-5ztk8', 'humidity': 42.0, 'temperature': 23.0, 'experiment': 1.0, 'time': 1522089415.068324}
{'device': 'gnfuv-temp-exp1-55d487b85b-5ztk8', 'humidity': 42.0, 'temperature': 23.0, 'experiment': 1.0, 'time': 1522089448.64759}
{'device': 'gnfuv-temp-exp1-55d487b85b-5ztk8', 'humidity': 43.0, 'temperature': 22.0, 'experiment': 1.0, 'time': 1522089482.229318}
{'device': 'gnfuv-temp-exp1-55d487b85b-5ztk8', 'humidity': 47.0, 'temperature': 22.0, 'experiment': 1.0, 'time': 1522089515.804347}
{'device': 'gnfuv-temp-exp1-55d487b85b-5ztk8', 'humidity': 45.0, 'temperature': 21.0, 'experiment': 1.0, 'time': 1522089549.378684}
{'device': 'gnfuv-temp-exp1-55d487b85b-5ztk8', 'humidity': 45.0, 'temperature': 22.0, 'experiment': 1.0, 'time': 1522089558.614969}
{'device': 'gnfuv-temp-exp1-55d487b85b-5ztk8', 'humidity': 45.0, 'temperature': 22.0, 'experiment': 1.0, 'time': 1522089572.081612}
{'device': 'gnfuv-temp-exp1-55d487b85b-5ztk8', 'humidity': 45.0, 'temperature': 22.0, 'experiment': 1.0, 'time': 1522089577.740547}
{'device': 'gnfuv-temp-exp1-55d487b85b-5ztk8', 'humidity': 45.0, 'temperature': 22.0, 'experiment': 1.0, 'time': 1522089583.811956}
{'device': 'gnfuv-temp-exp1-55d487b85b-5ztk8', 'humidity': None, 'temperature': None, 'experiment': 1.0, 'time': 1522089627.232421}
{'device': 'gnfuv-temp-exp1-55d487b85b-5ztk8', 'humidity': 44.0, 'temperature': 22.0, 'experiment': 1.0, 'time': 1522089633.045567}
{'device': 'gnfuv-temp-exp1-55d487b85b-5ztk8', 'humidity': 44.0, 'temperature': 22.0, 'experiment': 1.0, 'time': 1522089644.198601}
{'device': 'gnfuv-temp-exp1-55d487b85b-5ztk8', 'humidity': 43.0, 'temperature': 22.0, 'experiment': 1.0, 'time': 1522089652.29761}
{'device': 'gnfuv-temp-exp1-55d487b85b-5ztk8', 'humidity': 43.0, 'temperature': 22.0, 'experiment': 1.0, 'time': 1522089658.874683}
{'device': 'gnfuv-temp-exp1-55d487b85b-5ztk8', 'humidity': 42.0, 'temperature': 22.0, 'experiment': 1.0, 'time': 1522089667.907853}
{'device': 'gnfuv-temp-exp1-55d487b85b-5ztk8', 'humidity': 42.0, 'temperature': 22.0, 'experiment': 1.0, 'time': 1522089673.486753}
{'device': 'gnfuv-temp-exp1-55d487b85b-5ztk8', 'humidity': None, 'temperature': None, 'experiment': 1.0, 'time': 1522089716.930245}
{'device': 'gnfuv-temp-exp1-55d487b85b-5ztk8', 'humidity': 42.0, 'temperature': 22.0, 'experiment': 1.0, 'time': 1522089723.200409}
{'device': 'gnfuv-temp-exp1-55d487b85b-5ztk8', 'humidity': 43.0, 'temperature': 22.0, 'experiment': 1.0, 'time': 1522089732.297788}
{'device': 'gnfuv-temp-exp1-55d487b85b-5ztk8', 'humidity': 43.0, 'temperature': 22.0, 'experiment': 1.0, 'time': 1522089738.337584}
{'device': 'gnfuv-temp-exp1-55d487b85b-5ztk8', 'humidity': 43.0, 'temperature': 22.0, 'experiment': 1.0, 'time': 1522089744.722246}
{'device': 'gnfuv-temp-exp1-55d487b85b-5ztk8', 'humidity': 43.0, 'temperature': 22.0, 'experiment': 1.0, 'time': 1522089755.857769}
{'device': 'gnfuv-temp-exp1-55d487b85b-5ztk8', 'humidity': 42.0, 'temperature': 21.0, 'experiment': 1.0, 'time': 1522089765.055885}
{'device': 'gnfuv-temp-exp1-55d487b85b-5ztk8', 'humidity': 43.0, 'temperature': 21.0, 'experiment': 1.0, 'time': 1522089770.751369}
{'device': 'gnfuv-temp-exp1-55d487b85b-5ztk8', 'humidity': 43.0, 'temperature': 21.0, 'experiment': 1.0, 'time': 1522089776.594902}
{'device': 'gnfuv-temp-exp1-55d487b85b-5ztk8', 'humidity': 43.0, 'temperature': 21.0, 'experiment': 1.0, 'time': 1522089785.406086}
{'device': 'gnfuv-temp-exp1-55d487b85b-5ztk8', 'humidity': 44.0, 'temperature': 21.0, 'experiment': 1.0, 'time': 1522089794.346309}
{'device': 'gnfuv-temp-exp1-55d487b85b-5ztk8', 'humidity': 44.0, 'temperature': 21.0, 'experiment': 1.0, 'time': 1522089800.11153}
{'device': 'gnfuv-temp-exp1-55d487b85b-5ztk8', 'humidity': 44.0, 'temperature': 21.0, 'experiment': 1.0, 'time': 1522089806.155869}
{'device': 'gnfuv-temp-exp1-55d487b85b-5ztk8', 'humidity': None, 'temperature': None, 'experiment': 1.0, 'time': 1522089849.739757}
{'device': 'gnfuv-temp-exp1-55d487b85b-5ztk8', 'humidity': 44.0, 'temperature': 21.0, 'experiment': 1.0, 'time': 1522089855.5547}
{'device': 'gnfuv-temp-exp1-55d487b85b-5ztk8', 'humidity': 44.0, 'temperature': 21.0, 'experiment': 1.0, 'time': 1522089864.167305}
{'device': 'gnfuv-temp-exp1-55d487b85b-5ztk8', 'humidity': 44.0, 'temperature': 21.0, 'experiment': 1.0, 'time': 1522089869.831211}
{'device': 'gnfuv-temp-exp1-55d487b85b-5ztk8', 'humidity': 44.0, 'temperature': 21.0, 'experiment': 1.0, 'time': 1522089875.869685}
{'device': 'gnfuv-temp-exp1-55d487b85b-5ztk8', 'humidity': 45.0, 'temperature': 22.0, 'experiment': 1.0, 'time': 1522089881.887742}
{'device': 'gnfuv-temp-exp1-55d487b85b-5ztk8', 'humidity': 44.0, 'temperature': 22.0, 'experiment': 1.0, 'time': 1522089887.917195}
{'device': 'gnfuv-temp-exp1-55d487b85b-5ztk8', 'humidity': 44.0, 'temperature': 22.0, 'experiment': 1.0, 'time': 1522089893.939892}
{'device': 'gnfuv-temp-exp1-55d487b85b-5ztk8', 'humidity': 44.0, 'temperature': 22.0, 'experiment': 1.0, 'time': 1522089907.085268}
{'device': 'gnfuv-temp-exp1-55d487b85b-5ztk8', 'humidity': 43.0, 'temperature': 22.0, 'experiment': 1.0, 'time': 1522089912.641463}
{'device': 'gnfuv-temp-exp1-55d487b85b-5ztk8', 'humidity': 43.0, 'temperature': 22.0, 'experiment': 1.0, 'time': 1522089918.656184}
{'device': 'gnfuv-temp-exp1-55d487b85b-5ztk8', 'humidity': 43.0, 'temperature': 22.0, 'experiment': 1.0, 'time': 1522089924.672156}
{'device': 'gnfuv-temp-exp1-55d487b85b-5ztk8', 'humidity': 43.0, 'temperature': 22.0, 'experiment': 1.0, 'time': 1522089930.689705}
{'device': 'gnfuv-temp-exp1-55d487b85b-5ztk8', 'humidity': 43.0, 'temperature': 22.0, 'experiment': 1.0, 'time': 1522089944.286679}
{'device': 'gnfuv-temp-exp1-55d487b85b-5ztk8', 'humidity': 42.0, 'temperature': 22.0, 'experiment': 1.0, 'time': 1522089957.601333}
{'device': 'gnfuv-temp-exp1-55d487b85b-5ztk8', 'humidity': 43.0, 'temperature': 22.0, 'experiment': 1.0, 'time': 1522089966.104983}
{'device': 'gnfuv-temp-exp1-55d487b85b-5ztk8', 'humidity': 43.0, 'temperature': 22.0, 'experiment': 1.0, 'time': 1522089974.25494}
{'device': 'gnfuv-temp-exp1-55d487b85b-5ztk8', 'humidity': 43.0, 'temperature': 21.0, 'experiment': 1.0, 'time': 1522089982.791528}
{'device': 'gnfuv-temp-exp1-55d487b85b-5ztk8', 'humidity': 43.0, 'temperature': 21.0, 'experiment': 1.0, 'time': 1522089990.911027}
{'device': 'gnfuv-temp-exp1-55d487b85b-5ztk8', 'humidity': 44.0, 'temperature': 21.0, 'experiment': 1.0, 'time': 1522089997.026457}
{'device': 'gnfuv-temp-exp1-55d487b85b-5ztk8', 'humidity': 44.0, 'temperature': 21.0, 'experiment': 1.0, 'time': 1522090008.091242}
{'device': 'gnfuv-temp-exp1-55d487b85b-5ztk8', 'humidity': 44.0, 'temperature': 21.0, 'experiment': 1.0, 'time': 1522090013.652431}
{'device': 'gnfuv-temp-exp1-55d487b85b-5ztk8', 'humidity': 44.0, 'temperature': 21.0, 'experiment': 1.0, 'time': 1522090019.21218}
{'device': 'gnfuv-temp-exp1-55d487b85b-5ztk8', 'humidity': 44.0, 'temperature': 21.0, 'experiment': 1.0, 'time': 1522090027.755397}
{'device': 'gnfuv-temp-exp1-55d487b85b-5ztk8', 'humidity': 44.0, 'temperature': 21.0, 'experiment': 1.0, 'time': 1522090035.09745}
{'device': 'gnfuv-temp-exp1-55d487b85b-5ztk8', 'humidity': 44.0, 'temperature': 21.0, 'experiment': 1.0, 'time': 1522090040.680851}
{'device': 'gnfuv-temp-exp1-55d487b85b-5ztk8', 'humidity': 44.0, 'temperature': 21.0, 'experiment': 1.0, 'time': 1522090046.263591}
{'device': 'gnfuv-temp-exp1-55d487b85b-5ztk8', 'humidity': 45.0, 'temperature': 21.0, 'experiment': 1.0, 'time': 1522090052.830999}
{'device': 'gnfuv-temp-exp1-55d487b85b-5ztk8', 'humidity': 45.0, 'temperature': 21.0, 'experiment': 1.0, 'time': 1522090059.086101}
{'device': 'gnfuv-temp-exp1-55d487b85b-5ztk8', 'humidity': 45.0, 'temperature': 21.0, 'experiment': 1.0, 'time': 1522090065.13239}
{'device': 'gnfuv-temp-exp1-55d487b85b-5ztk8', 'humidity': 45.0, 'temperature': 21.0, 'experiment': 1.0, 'time': 1522090073.267811}
{'device': 'gnfuv-temp-exp1-55d487b85b-5ztk8', 'humidity': 45.0, 'temperature': 21.0, 'experiment': 1.0, 'time': 1522090078.822403}
{'device': 'gnfuv-temp-exp1-55d487b85b-5ztk8', 'humidity': 45.0, 'temperature': 21.0, 'experiment': 1.0, 'time': 1522090084.384209}
{'device': 'gnfuv-temp-exp1-55d487b85b-5ztk8', 'humidity': 44.0, 'temperature': 21.0, 'experiment': 1.0, 'time': 1522090095.408977}
{'device': 'gnfuv-temp-exp1-55d487b85b-5ztk8', 'humidity': 44.0, 'temperature': 21.0, 'experiment': 1.0, 'time': 1522090101.448991}
{'device': 'gnfuv-temp-exp1-55d487b85b-5ztk8', 'humidity': 45.0, 'temperature': 22.0, 'experiment': 1.0, 'time': 1522090109.554731}
{'device': 'gnfuv-temp-exp1-55d487b85b-5ztk8', 'humidity': 45.0, 'temperature': 22.0, 'experiment': 1.0, 'time': 1522090115.459445}
{'device': 'gnfuv-temp-exp1-55d487b85b-5ztk8', 'humidity': 45.0, 'temperature': 22.0, 'experiment': 1.0, 'time': 1522090123.998261}
{'device': 'gnfuv-temp-exp1-55d487b85b-5ztk8', 'humidity': 44.0, 'temperature': 22.0, 'experiment': 1.0, 'time': 1522090132.087604}
{'device': 'gnfuv-temp-exp1-55d487b85b-5ztk8', 'humidity': 44.0, 'temperature': 22.0, 'experiment': 1.0, 'time': 1522090137.645867}
{'device': 'gnfuv-temp-exp1-55d487b85b-5ztk8', 'humidity': 43.0, 'temperature': 22.0, 'experiment': 1.0, 'time': 1522090146.077319}
{'device': 'gnfuv-temp-exp1-55d487b85b-5ztk8', 'humidity': 44.0, 'temperature': 22.0, 'experiment': 1.0, 'time': 1522090155.10549}
{'device': 'gnfuv-temp-exp1-55d487b85b-5ztk8', 'humidity': 43.0, 'temperature': 22.0, 'experiment': 1.0, 'time': 1522090160.855632}
{'device': 'gnfuv-temp-exp1-55d487b85b-5ztk8', 'humidity': 43.0, 'temperature': 22.0, 'experiment': 1.0, 'time': 1522090169.401405}
{'device': 'gnfuv-temp-exp1-55d487b85b-5ztk8', 'humidity': 43.0, 'temperature': 22.0, 'experiment': 1.0, 'time': 1522090174.970224}
{'device': 'gnfuv-temp-exp1-55d487b85b-5ztk8', 'humidity': 43.0, 'temperature': 22.0, 'experiment': 1.0, 'time': 1522090180.529206}
{'device': 'gnfuv-temp-exp1-55d487b85b-5ztk8', 'humidity': 43.0, 'temperature': 22.0, 'experiment': 1.0, 'time': 1522090186.38225}
{'device': 'gnfuv-temp-exp1-55d487b85b-5ztk8', 'humidity': 43.0, 'temperature': 22.0, 'experiment': 1.0, 'time': 1522090197.457668}
{'device': 'gnfuv-temp-exp1-55d487b85b-5ztk8', 'humidity': 43.0, 'temperature': 22.0, 'experiment': 1.0, 'time': 1522090206.282115}
{'device': 'gnfuv-temp-exp1-55d487b85b-5ztk8', 'humidity': 43.0, 'temperature': 22.0, 'experiment': 1.0, 'time': 1522090216.894278}
{'device': 'gnfuv-temp-exp1-55d487b85b-5ztk8', 'humidity': 43.0, 'temperature': 22.0, 'experiment': 1.0, 'time': 1522090222.779737}
{'device': 'gnfuv-temp-exp1-55d487b85b-5ztk8', 'humidity': 43.0, 'temperature': 22.0, 'experiment': 1.0, 'time': 1522090228.794307}
{'device': 'gnfuv-temp-exp1-55d487b85b-5ztk8', 'humidity': 43.0, 'temperature': 22.0, 'experiment': 1.0, 'time': 1522090234.803815}
{'device': 'gnfuv-temp-exp1-55d487b85b-5ztk8', 'humidity': 43.0, 'temperature': 22.0, 'experiment': 1.0, 'time': 1522090243.35565}
{'device': 'gnfuv-temp-exp1-55d487b85b-5ztk8', 'humidity': 43.0, 'temperature': 22.0, 'experiment': 1.0, 'time': 1522090249.855923}
{'device': 'gnfuv-temp-exp1-55d487b85b-5ztk8', 'humidity': 43.0, 'temperature': 22.0, 'experiment': 1.0, 'time': 1522090260.575942}
{'device': 'gnfuv-temp-exp1-55d487b85b-5ztk8', 'humidity': 43.0, 'temperature': 23.0, 'experiment': 1.0, 'time': 1522090288.768232}
{'device': 'gnfuv-temp-exp1-55d487b85b-5ztk8', 'humidity': 42.0, 'temperature': 23.0, 'experiment': 1.0, 'time': 1522090294.347834}
{'device': 'gnfuv-temp-exp1-55d487b85b-5ztk8', 'humidity': 41.0, 'temperature': 23.0, 'experiment': 1.0, 'time': 1522090300.053034}
{'device': 'gnfuv-temp-exp1-55d487b85b-5ztk8', 'humidity': 41.0, 'temperature': 23.0, 'experiment': 1.0, 'time': 1522090308.284491}
{'device': 'gnfuv-temp-exp1-55d487b85b-5ztk8', 'humidity': 41.0, 'temperature': 23.0, 'experiment': 1.0, 'time': 1522090313.871314}
{'device': 'gnfuv-temp-exp1-55d487b85b-5ztk8', 'humidity': 41.0, 'temperature': 23.0, 'experiment': 1.0, 'time': 1522090322.256384}
{'device': 'gnfuv-temp-exp1-55d487b85b-5ztk8', 'humidity': 41.0, 'temperature': 23.0, 'experiment': 1.0, 'time': 1522090330.347042}
{'device': 'gnfuv-temp-exp1-55d487b85b-5ztk8', 'humidity': 40.0, 'temperature': 24.0, 'experiment': 1.0, 'time': 1522090363.928801}
{'device': 'gnfuv-temp-exp1-55d487b85b-5ztk8', 'humidity': 40.0, 'temperature': 23.0, 'experiment': 1.0, 'time': 1522090370.522624}
{'device': 'gnfuv-temp-exp1-55d487b85b-5ztk8', 'humidity': 39.0, 'temperature': 23.0, 'experiment': 1.0, 'time': 1522090378.612418}
{'device': 'gnfuv-temp-exp1-55d487b85b-5ztk8', 'humidity': 39.0, 'temperature': 23.0, 'experiment': 1.0, 'time': 1522090384.33037}
{'device': 'gnfuv-temp-exp1-55d487b85b-5ztk8', 'humidity': 39.0, 'temperature': 23.0, 'experiment': 1.0, 'time': 1522090395.418989}
{'device': 'gnfuv-temp-exp1-55d487b85b-5ztk8', 'humidity': 39.0, 'temperature': 23.0, 'experiment': 1.0, 'time': 1522090400.245217}
{'device': 'gnfuv-temp-exp1-55d487b85b-5ztk8', 'humidity': 40.0, 'temperature': 23.0, 'experiment': 1.0, 'time': 1522090404.986981}
{'device': 'gnfuv-temp-exp1-55d487b85b-5ztk8', 'humidity': 40.0, 'temperature': 23.0, 'experiment': 1.0, 'time': 1522090409.870844}
{'device': 'gnfuv-temp-exp1-55d487b85b-5ztk8', 'humidity': 40.0, 'temperature': 23.0, 'experiment': 1.0, 'time': 1522090414.603019}
{'device': 'gnfuv-temp-exp1-55d487b85b-5ztk8', 'humidity': 41.0, 'temperature': 23.0, 'experiment': 1.0, 'time': 1522090419.359438}
{'device': 'gnfuv-temp-exp1-55d487b85b-5ztk8', 'humidity': 41.0, 'temperature': 23.0, 'experiment': 1.0, 'time': 1522090424.060886}
{'device': 'gnfuv-temp-exp1-55d487b85b-5ztk8', 'humidity': 41.0, 'temperature': 23.0, 'experiment': 1.0, 'time': 1522090428.764185}
{'device': 'gnfuv-temp-exp1-55d487b85b-5ztk8', 'humidity': 41.0, 'temperature': 23.0, 'experiment': 1.0, 'time': 1522090436.026967}
{'device': 'gnfuv-temp-exp1-55d487b85b-5ztk8', 'humidity': 41.0, 'temperature': 23.0, 'experiment': 1.0, 'time': 1522090440.731369}
{'device': 'gnfuv-temp-exp1-55d487b85b-5ztk8', 'humidity': 41.0, 'temperature': 23.0, 'experiment': 1.0, 'time': 1522090460.616589}
{'device': 'gnfuv-temp-exp1-55d487b85b-5ztk8', 'humidity': 41.0, 'temperature': 23.0, 'experiment': 1.0, 'time': 1522090465.342031}
{'device': 'gnfuv-temp-exp1-55d487b85b-5ztk8', 'humidity': 41.0, 'temperature': 23.0, 'experiment': 1.0, 'time': 1522090470.041904}
{'device': 'gnfuv-temp-exp1-55d487b85b-5ztk8', 'humidity': 40.0, 'temperature': 23.0, 'experiment': 1.0, 'time': 1522090474.791389}
{'device': 'gnfuv-temp-exp1-55d487b85b-5ztk8', 'humidity': 40.0, 'temperature': 23.0, 'experiment': 1.0, 'time': 1522090479.537446}
{'device': 'gnfuv-temp-exp1-55d487b85b-5ztk8', 'humidity': 40.0, 'temperature': 23.0, 'experiment': 1.0, 'time': 1522090484.251848}
{'device': 'gnfuv-temp-exp1-55d487b85b-5ztk8', 'humidity': 40.0, 'temperature': 23.0, 'experiment': 1.0, 'time': 1522090499.065676}
{'device': 'gnfuv-temp-exp1-55d487b85b-5ztk8', 'humidity': 40.0, 'temperature': 23.0, 'experiment': 1.0, 'time': 1522090503.767794}
{'device': 'gnfuv-temp-exp1-55d487b85b-5ztk8', 'humidity': 40.0, 'temperature': 23.0, 'experiment': 1.0, 'time': 1522090526.216845}
{'device': 'gnfuv-temp-exp1-55d487b85b-5ztk8', 'humidity': 40.0, 'temperature': 23.0, 'experiment': 1.0, 'time': 1522090530.963301}
{'device': 'gnfuv-temp-exp1-55d487b85b-5ztk8', 'humidity': 41.0, 'temperature': 23.0, 'experiment': 1.0, 'time': 1522090538.191808}
{'device': 'gnfuv-temp-exp1-55d487b85b-5ztk8', 'humidity': 41.0, 'temperature': 23.0, 'experiment': 1.0, 'time': 1522090568.16478}
{'device': 'gnfuv-temp-exp1-55d487b85b-5ztk8', 'humidity': 41.0, 'temperature': 23.0, 'experiment': 1.0, 'time': 1522090572.912477}
{'device': 'gnfuv-temp-exp1-55d487b85b-5ztk8', 'humidity': 42.0, 'temperature': 23.0, 'experiment': 1.0, 'time': 1522090587.760754}
{'device': 'gnfuv-temp-exp1-55d487b85b-5ztk8', 'humidity': 42.0, 'temperature': 23.0, 'experiment': 1.0, 'time': 1522090592.486975}
{'device': 'gnfuv-temp-exp1-55d487b85b-5ztk8', 'humidity': 41.0, 'temperature': 23.0, 'experiment': 1.0, 'time': 1522090597.217886}
{'device': 'gnfuv-temp-exp1-55d487b85b-5ztk8', 'humidity': 40.0, 'temperature': 23.0, 'experiment': 1.0, 'time': 1522090624.668016}
{'device': 'gnfuv-temp-exp1-55d487b85b-5ztk8', 'humidity': 40.0, 'temperature': 23.0, 'experiment': 1.0, 'time': 1522090629.37365}
{'device': 'gnfuv-temp-exp1-55d487b85b-5ztk8', 'humidity': 40.0, 'temperature': 23.0, 'experiment': 1.0, 'time': 1522090634.129147}
{'device': 'gnfuv-temp-exp1-55d487b85b-5ztk8', 'humidity': 40.0, 'temperature': 23.0, 'experiment': 1.0, 'time': 1522090641.358937}
{'device': 'gnfuv-temp-exp1-55d487b85b-5ztk8', 'humidity': 40.0, 'temperature': 23.0, 'experiment': 1.0, 'time': 1522090646.07771}
{'device': 'gnfuv-temp-exp1-55d487b85b-5ztk8', 'humidity': 41.0, 'temperature': 23.0, 'experiment': 1.0, 'time': 1522090668.456628}
{'device': 'gnfuv-temp-exp1-55d487b85b-5ztk8', 'humidity': 41.0, 'temperature': 23.0, 'experiment': 1.0, 'time': 1522090678.25366}
{'device': 'gnfuv-temp-exp1-55d487b85b-5ztk8', 'humidity': 41.0, 'temperature': 22.0, 'experiment': 1.0, 'time': 1522090682.974155}
{'device': 'gnfuv-temp-exp1-55d487b85b-5ztk8', 'humidity': 43.0, 'temperature': 22.0, 'experiment': 1.0, 'time': 1522090710.416527}
{'device': 'gnfuv-temp-exp1-55d487b85b-5ztk8', 'humidity': 43.0, 'temperature': 22.0, 'experiment': 1.0, 'time': 1522090715.156518}
{'device': 'gnfuv-temp-exp1-55d487b85b-5ztk8', 'humidity': 42.0, 'temperature': 23.0, 'experiment': 1.0, 'time': 1522090719.895675}
{'device': 'gnfuv-temp-exp1-55d487b85b-5ztk8', 'humidity': 43.0, 'temperature': 22.0, 'experiment': 1.0, 'time': 1522090739.804494}
{'device': 'gnfuv-temp-exp1-55d487b85b-5ztk8', 'humidity': 43.0, 'temperature': 22.0, 'experiment': 1.0, 'time': 1522090744.532537}
{'device': 'gnfuv-temp-exp1-55d487b85b-5ztk8', 'humidity': 42.0, 'temperature': 22.0, 'experiment': 1.0, 'time': 1522090754.288622}
{'device': 'gnfuv-temp-exp1-55d487b85b-5ztk8', 'humidity': 42.0, 'temperature': 22.0, 'experiment': 1.0, 'time': 1522090758.996284}
{'device': 'gnfuv-temp-exp1-55d487b85b-5ztk8', 'humidity': 42.0, 'temperature': 22.0, 'experiment': 1.0, 'time': 1522090763.714458}
{'device': 'gnfuv-temp-exp1-55d487b85b-5ztk8', 'humidity': 42.0, 'temperature': 23.0, 'experiment': 1.0, 'time': 1522090773.505429}
{'device': 'gnfuv-temp-exp1-55d487b85b-5ztk8', 'humidity': 42.0, 'temperature': 23.0, 'experiment': 1.0, 'time': 1522090780.765887}
{'device': 'gnfuv-temp-exp1-55d487b85b-5ztk8', 'humidity': 41.0, 'temperature': 23.0, 'experiment': 1.0, 'time': 1522090813.301042}
{'device': 'gnfuv-temp-exp1-55d487b85b-5ztk8', 'humidity': 41.0, 'temperature': 23.0, 'experiment': 1.0, 'time': 1522090838.26467}
{'device': 'gnfuv-temp-exp1-55d487b85b-5ztk8', 'humidity': 41.0, 'temperature': 23.0, 'experiment': 1.0, 'time': 1522090845.495948}
{'device': 'gnfuv-temp-exp1-55d487b85b-5ztk8', 'humidity': 40.0, 'temperature': 23.0, 'experiment': 1.0, 'time': 1522090850.201839}
{'device': 'gnfuv-temp-exp1-55d487b85b-5ztk8', 'humidity': 41.0, 'temperature': 22.0, 'experiment': 1.0, 'time': 1522090875.152997}
{'device': 'gnfuv-temp-exp1-55d487b85b-5ztk8', 'humidity': 42.0, 'temperature': 22.0, 'experiment': 1.0, 'time': 1522090879.857626}
{'device': 'gnfuv-temp-exp1-55d487b85b-5ztk8', 'humidity': None, 'temperature': None, 'experiment': 1.0, 'time': 1522090921.938787}
{'device': 'gnfuv-temp-exp1-55d487b85b-5ztk8', 'humidity': 45.0, 'temperature': 21.0, 'experiment': 1.0, 'time': 1522090949.445287}
{'device': 'gnfuv-temp-exp1-55d487b85b-5ztk8', 'humidity': 45.0, 'temperature': 21.0, 'experiment': 1.0, 'time': 1522090954.177546}
{'device': 'gnfuv-temp-exp1-55d487b85b-5ztk8', 'humidity': 45.0, 'temperature': 21.0, 'experiment': 1.0, 'time': 1522090958.883919}
{'device': 'gnfuv-temp-exp1-55d487b85b-5ztk8', 'humidity': 45.0, 'temperature': 21.0, 'experiment': 1.0, 'time': 1522090963.626152}
{'device': 'gnfuv-temp-exp1-55d487b85b-5ztk8', 'humidity': 45.0, 'temperature': 21.0, 'experiment': 1.0, 'time': 1522090980.986731}
{'device': 'gnfuv-temp-exp1-55d487b85b-5ztk8', 'humidity': 45.0, 'temperature': 22.0, 'experiment': 1.0, 'time': 1522091013.521503}
{'device': 'gnfuv-temp-exp1-55d487b85b-5ztk8', 'humidity': 45.0, 'temperature': 22.0, 'experiment': 1.0, 'time': 1522091018.23892}
{'device': 'gnfuv-temp-exp1-55d487b85b-5ztk8', 'humidity': 45.0, 'temperature': 22.0, 'experiment': 1.0, 'time': 1522091022.952505}
{'device': 'gnfuv-temp-exp1-55d487b85b-5ztk8', 'humidity': 43.0, 'temperature': 22.0, 'experiment': 1.0, 'time': 1522091032.756002}
{'device': 'gnfuv-temp-exp1-55d487b85b-5ztk8', 'humidity': 43.0, 'temperature': 22.0, 'experiment': 1.0, 'time': 1522091040.04657}
{'device': 'gnfuv-temp-exp1-55d487b85b-5ztk8', 'humidity': 43.0, 'temperature': 22.0, 'experiment': 1.0, 'time': 1522091044.831843}
{'device': 'gnfuv-temp-exp1-55d487b85b-5ztk8', 'humidity': 43.0, 'temperature': 23.0, 'experiment': 1.0, 'time': 1522091064.703795}
{'device': 'gnfuv-temp-exp1-55d487b85b-5ztk8', 'humidity': 42.0, 'temperature': 23.0, 'experiment': 1.0, 'time': 1522091074.696881}
{'device': 'gnfuv-temp-exp1-55d487b85b-5ztk8', 'humidity': 41.0, 'temperature': 23.0, 'experiment': 1.0, 'time': 1522091092.075267}
{'device': 'gnfuv-temp-exp1-55d487b85b-5ztk8', 'humidity': 41.0, 'temperature': 23.0, 'experiment': 1.0, 'time': 1522091097.085847}
{'device': 'gnfuv-temp-exp1-55d487b85b-5ztk8', 'humidity': 41.0, 'temperature': 23.0, 'experiment': 1.0, 'time': 1522091102.160726}
{'device': 'gnfuv-temp-exp1-55d487b85b-5ztk8', 'humidity': 39.0, 'temperature': 24.0, 'experiment': 1.0, 'time': 1522091139.695006}
{'device': 'gnfuv-temp-exp1-55d487b85b-5ztk8', 'humidity': 40.0, 'temperature': 24.0, 'experiment': 1.0, 'time': 1522091159.572025}
{'device': 'gnfuv-temp-exp1-55d487b85b-5ztk8', 'humidity': 40.0, 'temperature': 24.0, 'experiment': 1.0, 'time': 1522091171.871954}
{'device': 'gnfuv-temp-exp1-55d487b85b-5ztk8', 'humidity': 40.0, 'temperature': 24.0, 'experiment': 1.0, 'time': 1522091176.575549}
{'device': 'gnfuv-temp-exp1-55d487b85b-5ztk8', 'humidity': 39.0, 'temperature': 24.0, 'experiment': 1.0, 'time': 1522091196.45199}
{'device': 'gnfuv-temp-exp1-55d487b85b-5ztk8', 'humidity': 38.0, 'temperature': 24.0, 'experiment': 1.0, 'time': 1522091204.501761}
{'device': 'gnfuv-temp-exp1-55d487b85b-5ztk8', 'humidity': 38.0, 'temperature': 24.0, 'experiment': 1.0, 'time': 1522091216.795304}
{'device': 'gnfuv-temp-exp1-55d487b85b-5ztk8', 'humidity': None, 'temperature': None, 'experiment': 1.0, 'time': 1522091259.07362}
{'device': 'gnfuv-temp-exp1-55d487b85b-5ztk8', 'humidity': 39.0, 'temperature': 23.0, 'experiment': 1.0, 'time': 1522091264.334269}
{'device': 'gnfuv-temp-exp1-55d487b85b-5ztk8', 'humidity': 39.0, 'temperature': 23.0, 'experiment': 1.0, 'time': 1522091279.766375}
{'device': 'gnfuv-temp-exp1-55d487b85b-5ztk8', 'humidity': 39.0, 'temperature': 23.0, 'experiment': 1.0, 'time': 1522091284.950703}
{'device': 'gnfuv-temp-exp1-55d487b85b-5ztk8', 'humidity': None, 'temperature': None, 'experiment': 1.0, 'time': 1522091327.557842}
{'device': 'gnfuv-temp-exp1-55d487b85b-5ztk8', 'humidity': 37.0, 'temperature': 24.0, 'experiment': 1.0, 'time': 1522091337.308171}
{'device': 'gnfuv-temp-exp1-55d487b85b-5ztk8', 'humidity': 37.0, 'temperature': 24.0, 'experiment': 1.0, 'time': 1522091342.048119}
{'device': 'gnfuv-temp-exp1-55d487b85b-5ztk8', 'humidity': 38.0, 'temperature': 24.0, 'experiment': 1.0, 'time': 1522091346.780012}
{'device': 'gnfuv-temp-exp1-55d487b85b-5ztk8', 'humidity': 37.0, 'temperature': 24.0, 'experiment': 1.0, 'time': 1522091351.508612}
{'device': 'gnfuv-temp-exp1-55d487b85b-5ztk8', 'humidity': 35.0, 'temperature': 25.0, 'experiment': 1.0, 'time': 1522091386.560624}
{'device': 'gnfuv-temp-exp1-55d487b85b-5ztk8', 'humidity': 35.0, 'temperature': 25.0, 'experiment': 1.0, 'time': 1522091393.796136}
{'device': 'gnfuv-temp-exp1-55d487b85b-5ztk8', 'humidity': 35.0, 'temperature': 25.0, 'experiment': 1.0, 'time': 1522091398.530074}
{'device': 'gnfuv-temp-exp1-55d487b85b-5ztk8', 'humidity': 35.0, 'temperature': 24.0, 'experiment': 1.0, 'time': 1522091405.787191}
{'device': 'gnfuv-temp-exp1-55d487b85b-5ztk8', 'humidity': 35.0, 'temperature': 24.0, 'experiment': 1.0, 'time': 1522091410.896624}
{'device': 'gnfuv-temp-exp1-55d487b85b-5ztk8', 'humidity': None, 'temperature': None, 'experiment': 1.0, 'time': 1522091452.988702}
{'device': 'gnfuv-temp-exp1-55d487b85b-5ztk8', 'humidity': 36.0, 'temperature': 24.0, 'experiment': 1.0, 'time': 1522091470.338422}
{'device': 'gnfuv-temp-exp1-55d487b85b-5ztk8', 'humidity': 36.0, 'temperature': 24.0, 'experiment': 1.0, 'time': 1522091475.061469}
{'device': 'gnfuv-temp-exp1-55d487b85b-5ztk8', 'humidity': None, 'temperature': None, 'experiment': 1.0, 'time': 1522091517.124577}
{'device': 'gnfuv-temp-exp1-55d487b85b-5ztk8', 'humidity': 37.0, 'temperature': 24.0, 'experiment': 1.0, 'time': 1522091524.388607}
{'device': 'gnfuv-temp-exp1-55d487b85b-5ztk8', 'humidity': None, 'temperature': None, 'experiment': 1.0, 'time': 1522091566.492412}
{'device': 'gnfuv-temp-exp1-55d487b85b-5ztk8', 'humidity': 36.0, 'temperature': 24.0, 'experiment': 1.0, 'time': 1522091573.95177}
{'device': 'gnfuv-temp-exp1-55d487b85b-5ztk8', 'humidity': None, 'temperature': None, 'experiment': 1.0, 'time': 1522091616.024507}
{'device': 'gnfuv-temp-exp1-55d487b85b-5ztk8', 'humidity': 39.0, 'temperature': 23.0, 'experiment': 1.0, 'time': 1522091630.971209}
{'device': 'gnfuv-temp-exp1-55d487b85b-5ztk8', 'humidity': 39.0, 'temperature': 24.0, 'experiment': 1.0, 'time': 1522091635.752772}
{'device': 'gnfuv-temp-exp1-55d487b85b-5ztk8', 'humidity': None, 'temperature': None, 'experiment': 1.0, 'time': 1522091677.993939}
{'device': 'gnfuv-temp-exp1-55d487b85b-5ztk8', 'humidity': 38.0, 'temperature': 24.0, 'experiment': 1.0, 'time': 1522091682.731471}
{'device': 'gnfuv-temp-exp1-55d487b85b-5ztk8', 'humidity': None, 'temperature': None, 'experiment': 1.0, 'time': 1522091724.805946}
{'device': 'gnfuv-temp-exp1-55d487b85b-5ztk8', 'humidity': 37.0, 'temperature': 24.0, 'experiment': 1.0, 'time': 1522091737.110543}
{'device': 'gnfuv-temp-exp1-55d487b85b-5ztk8', 'humidity': 37.0, 'temperature': 24.0, 'experiment': 1.0, 'time': 1522091749.383788}
{'device': 'gnfuv-temp-exp1-55d487b85b-5ztk8', 'humidity': 36.0, 'temperature': 24.0, 'experiment': 1.0, 'time': 1522091759.178973}
{'device': 'gnfuv-temp-exp1-55d487b85b-5ztk8', 'humidity': None, 'temperature': None, 'experiment': 1.0, 'time': 1522091801.282327}
{'device': 'gnfuv-temp-exp1-55d487b85b-5ztk8', 'humidity': 36.0, 'temperature': 24.0, 'experiment': 1.0, 'time': 1522091806.041493}
{'device': 'gnfuv-temp-exp1-55d487b85b-5ztk8', 'humidity': 36.0, 'temperature': 24.0, 'experiment': 1.0, 'time': 1522091813.345476}
{'device': 'gnfuv-temp-exp1-55d487b85b-5ztk8', 'humidity': None, 'temperature': None, 'experiment': 1.0, 'time': 1522091855.415767}
{'device': 'gnfuv-temp-exp1-55d487b85b-5ztk8', 'humidity': 35.0, 'temperature': 25.0, 'experiment': 1.0, 'time': 1522091872.871695}
{'device': 'gnfuv-temp-exp1-55d487b85b-5ztk8', 'humidity': 34.0, 'temperature': 25.0, 'experiment': 1.0, 'time': 1522091907.945677}
{'device': 'gnfuv-temp-exp1-55d487b85b-5ztk8', 'humidity': 34.0, 'temperature': 25.0, 'experiment': 1.0, 'time': 1522091917.705712}
{'device': 'gnfuv-temp-exp1-55d487b85b-5ztk8', 'humidity': 35.0, 'temperature': 25.0, 'experiment': 1.0, 'time': 1522091927.501774}
{'device': 'gnfuv-temp-exp1-55d487b85b-5ztk8', 'humidity': 35.0, 'temperature': 25.0, 'experiment': 1.0, 'time': 1522091965.04119}
{'device': 'gnfuv-temp-exp1-55d487b85b-5ztk8', 'humidity': 34.0, 'temperature': 25.0, 'experiment': 1.0, 'time': 1522091969.792941}
{'device': 'gnfuv-temp-exp1-55d487b85b-5ztk8', 'humidity': 35.0, 'temperature': 25.0, 'experiment': 1.0, 'time': 1522091984.632222}
{'device': 'gnfuv-temp-exp1-55d487b85b-5ztk8', 'humidity': 34.0, 'temperature': 25.0, 'experiment': 1.0, 'time': 1522091992.036391}
{'device': 'gnfuv-temp-exp1-55d487b85b-5ztk8', 'humidity': 34.0, 'temperature': 25.0, 'experiment': 1.0, 'time': 1522092016.947768}
{'device': 'gnfuv-temp-exp1-55d487b85b-5ztk8', 'humidity': 34.0, 'temperature': 25.0, 'experiment': 1.0, 'time': 1522092029.467714}
{'device': 'gnfuv-temp-exp1-55d487b85b-5ztk8', 'humidity': None, 'temperature': None, 'experiment': 1.0, 'time': 1522092071.531918}
{'device': 'gnfuv-temp-exp1-55d487b85b-5ztk8', 'humidity': None, 'temperature': None, 'experiment': 1.0, 'time': 1522092113.612452}
{'device': 'gnfuv-temp-exp1-55d487b85b-5ztk8', 'humidity': 34.0, 'temperature': 25.0, 'experiment': 1.0, 'time': 1522092118.358023}
{'device': 'gnfuv-temp-exp1-55d487b85b-5ztk8', 'humidity': 34.0, 'temperature': 25.0, 'experiment': 1.0, 'time': 1522092158.461429}
{'device': 'gnfuv-temp-exp1-55d487b85b-5ztk8', 'humidity': 35.0, 'temperature': 25.0, 'experiment': 1.0, 'time': 1522092173.321375}
{'device': 'gnfuv-temp-exp1-55d487b85b-5ztk8', 'humidity': 38.0, 'temperature': 24.0, 'experiment': 1.0, 'time': 1522092208.361326}
{'device': 'gnfuv-temp-exp1-55d487b85b-5ztk8', 'humidity': 39.0, 'temperature': 24.0, 'experiment': 1.0, 'time': 1522092225.746292}
{'device': 'gnfuv-temp-exp1-55d487b85b-5ztk8', 'humidity': 39.0, 'temperature': 24.0, 'experiment': 1.0, 'time': 1522092233.071448}
{'device': 'gnfuv-temp-exp1-55d487b85b-5ztk8', 'humidity': 39.0, 'temperature': 24.0, 'experiment': 1.0, 'time': 1522092237.889246}
{'device': 'gnfuv-temp-exp1-55d487b85b-5ztk8', 'humidity': 39.0, 'temperature': 24.0, 'experiment': 1.0, 'time': 1522092245.192377}
{'device': 'gnfuv-temp-exp1-55d487b85b-5ztk8', 'humidity': None, 'temperature': None, 'experiment': 1.0, 'time': 1522092287.276563}
{'device': 'gnfuv-temp-exp1-55d487b85b-5ztk8', 'humidity': 34.0, 'temperature': 27.0, 'experiment': 1.0, 'time': 1522092297.085975}
{'device': 'gnfuv-temp-exp1-55d487b85b-5ztk8', 'humidity': 33.0, 'temperature': 27.0, 'experiment': 1.0, 'time': 1522092304.324516}
{'device': 'gnfuv-temp-exp1-55d487b85b-5ztk8', 'humidity': 32.0, 'temperature': 29.0, 'experiment': 1.0, 'time': 1522092344.422084}
{'device': 'gnfuv-temp-exp1-55d487b85b-5ztk8', 'humidity': 31.0, 'temperature': 30.0, 'experiment': 1.0, 'time': 1522092383.213137}
{'device': 'gnfuv-temp-exp1-55d487b85b-5ztk8', 'humidity': 31.0, 'temperature': 30.0, 'experiment': 1.0, 'time': 1522092387.965953}
{'device': 'gnfuv-temp-exp1-55d487b85b-5ztk8', 'humidity': 30.0, 'temperature': 30.0, 'experiment': 1.0, 'time': 1522092400.334265}
{'device': 'gnfuv-temp-exp1-55d487b85b-5ztk8', 'humidity': None, 'temperature': None, 'experiment': 1.0, 'time': 1522092442.422922}
{'device': 'gnfuv-temp-exp1-55d487b85b-5ztk8', 'humidity': 29.0, 'temperature': 31.0, 'experiment': 1.0, 'time': 1522092447.149094}
{'device': 'gnfuv-temp-exp1-55d487b85b-5ztk8', 'humidity': None, 'temperature': None, 'experiment': 1.0, 'time': 1522092489.212775}
{'device': 'gnfuv-temp-exp1-55d487b85b-5ztk8', 'humidity': 27.0, 'temperature': 32.0, 'experiment': 1.0, 'time': 1522092509.085347}
{'device': 'gnfuv-temp-exp1-55d487b85b-5ztk8', 'humidity': 26.0, 'temperature': 32.0, 'experiment': 1.0, 'time': 1522092526.486346}
{'device': 'gnfuv-temp-exp1-55d487b85b-5ztk8', 'humidity': 26.0, 'temperature': 33.0, 'experiment': 1.0, 'time': 1522092556.866806}
{'device': 'gnfuv-temp-exp1-55d487b85b-5ztk8', 'humidity': 26.0, 'temperature': 33.0, 'experiment': 1.0, 'time': 1522092579.963719}
{'device': 'gnfuv-temp-exp1-55d487b85b-5ztk8', 'humidity': 26.0, 'temperature': 33.0, 'experiment': 1.0, 'time': 1522092584.668174}
{'device': 'gnfuv-temp-exp1-55d487b85b-5ztk8', 'humidity': 25.0, 'temperature': 33.0, 'experiment': 1.0, 'time': 1522092589.396038}
{'device': 'gnfuv-temp-exp1-55d487b85b-5ztk8', 'humidity': None, 'temperature': None, 'experiment': 1.0, 'time': 1522092631.493722}
{'device': 'gnfuv-temp-exp1-55d487b85b-5ztk8', 'humidity': 24.0, 'temperature': 34.0, 'experiment': 1.0, 'time': 1522092636.201557}
{'device': 'gnfuv-temp-exp1-55d487b85b-5ztk8', 'humidity': 24.0, 'temperature': 34.0, 'experiment': 1.0, 'time': 1522092643.426997}
{'device': 'gnfuv-temp-exp1-55d487b85b-5ztk8', 'humidity': 24.0, 'temperature': 34.0, 'experiment': 1.0, 'time': 1522092655.962229}
{'device': 'gnfuv-temp-exp1-55d487b85b-5ztk8', 'humidity': None, 'temperature': None, 'experiment': 1.0, 'time': 1522092698.069048}
{'device': 'gnfuv-temp-exp1-55d487b85b-5ztk8', 'humidity': 23.0, 'temperature': 35.0, 'experiment': 1.0, 'time': 1522092707.874538}
{'device': 'gnfuv-temp-exp1-55d487b85b-5ztk8', 'humidity': 22.0, 'temperature': 35.0, 'experiment': 1.0, 'time': 1522092712.595697}
