{'device': 'gnfuv-temp-exp1-55d487b85b-5g2xh', 'humidity': 21.0, 'temperature': 40.0, 'experiment': 1.0, 'time': 1522084757.406089}
{'device': 'gnfuv-temp-exp1-55d487b85b-5g2xh', 'humidity': 21.0, 'temperature': 40.0, 'experiment': 1.0, 'time': 1522084771.261505}
{'device': 'gnfuv-temp-exp1-55d487b85b-5g2xh', 'humidity': 21.0, 'temperature': 40.0, 'experiment': 1.0, 'time': 1522084777.501454}
{'device': 'gnfuv-temp-exp1-55d487b85b-5g2xh', 'humidity': 21.0, 'temperature': 40.0, 'experiment': 1.0, 'time': 1522084783.741481}
{'device': 'gnfuv-temp-exp1-55d487b85b-5g2xh', 'humidity': 22.0, 'temperature': 40.0, 'experiment': 1.0, 'time': 1522084789.996507}
{'device': 'gnfuv-temp-exp1-55d487b85b-5g2xh', 'humidity': 22.0, 'temperature': 40.0, 'experiment': 1.0, 'time': 1522084796.221479}
{'device': 'gnfuv-temp-exp1-55d487b85b-5g2xh', 'humidity': 22.0, 'temperature': 39.0, 'experiment': 1.0, 'time': 1522084804.990622}
{'device': 'gnfuv-temp-exp1-55d487b85b-5g2xh', 'humidity': 23.0, 'temperature': 39.0, 'experiment': 1.0, 'time': 1522084816.283217}
{'device': 'gnfuv-temp-exp1-55d487b85b-5g2xh', 'humidity': 23.0, 'temperature': 39.0, 'experiment': 1.0, 'time': 1522084826.243098}
{'device': 'gnfuv-temp-exp1-55d487b85b-5g2xh', 'humidity': 24.0, 'temperature': 38.0, 'experiment': 1.0, 'time': 1522084864.116478}
{'device': 'gnfuv-temp-exp1-55d487b85b-5g2xh', 'humidity': 24.0, 'temperature': 38.0, 'experiment': 1.0, 'time': 1522084868.782779}
{'device': 'gnfuv-temp-exp1-55d487b85b-5g2xh', 'humidity': 24.0, 'temperature': 38.0, 'experiment': 1.0, 'time': 1522084875.422619}
{'device': 'gnfuv-temp-exp1-55d487b85b-5g2xh', 'humidity': 25.0, 'temperature': 38.0, 'experiment': 1.0, 'time': 1522084887.121274}
{'device': 'gnfuv-temp-exp1-55d487b85b-5g2xh', 'humidity': 25.0, 'temperature': 38.0, 'experiment': 1.0, 'time': 1522084893.793269}
{'device': 'gnfuv-temp-exp1-55d487b85b-5g2xh', 'humidity': 25.0, 'temperature': 38.0, 'experiment': 1.0, 'time': 1522084897.982014}
{'device': 'gnfuv-temp-exp1-55d487b85b-5g2xh', 'humidity': 25.0, 'temperature': 38.0, 'experiment': 1.0, 'time': 1522084907.149051}
{'device': 'gnfuv-temp-exp1-55d487b85b-5g2xh', 'humidity': 25.0, 'temperature': 38.0, 'experiment': 1.0, 'time': 1522084913.822176}
{'device': 'gnfuv-temp-exp1-55d487b85b-5g2xh', 'humidity': 25.0, 'temperature': 38.0, 'experiment': 1.0, 'time': 1522084920.459411}
{'device': 'gnfuv-temp-exp1-55d487b85b-5g2xh', 'humidity': 25.0, 'temperature': 38.0, 'experiment': 1.0, 'time': 1522084932.158467}
{'device': 'gnfuv-temp-exp1-55d487b85b-5g2xh', 'humidity': 26.0, 'temperature': 38.0, 'experiment': 1.0, 'time': 1522084936.859021}
{'device': 'gnfuv-temp-exp1-55d487b85b-5g2xh', 'humidity': 26.0, 'temperature': 38.0, 'experiment': 1.0, 'time': 1522084946.028896}
{'device': 'gnfuv-temp-exp1-55d487b85b-5g2xh', 'humidity': 25.0, 'temperature': 37.0, 'experiment': 1.0, 'time': 1522084957.753826}
{'device': 'gnfuv-temp-exp1-55d487b85b-5g2xh', 'humidity': 25.0, 'temperature': 37.0, 'experiment': 1.0, 'time': 1522084966.509503}
{'device': 'gnfuv-temp-exp1-55d487b85b-5g2xh', 'humidity': 25.0, 'temperature': 37.0, 'experiment': 1.0, 'time': 1522084978.236718}
{'device': 'gnfuv-temp-exp1-55d487b85b-5g2xh', 'humidity': 26.0, 'temperature': 37.0, 'experiment': 1.0, 'time': 1522084984.888908}
{'device': 'gnfuv-temp-exp1-55d487b85b-5g2xh', 'humidity': 26.0, 'temperature': 37.0, 'experiment': 1.0, 'time': 1522084991.103022}
{'device': 'gnfuv-temp-exp1-55d487b85b-5g2xh', 'humidity': 26.0, 'temperature': 37.0, 'experiment': 1.0, 'time': 1522084997.341314}
{'device': 'gnfuv-temp-exp1-55d487b85b-5g2xh', 'humidity': 26.0, 'temperature': 37.0, 'experiment': 1.0, 'time': 1522085006.108859}
{'device': 'gnfuv-temp-exp1-55d487b85b-5g2xh', 'humidity': 26.0, 'temperature': 37.0, 'experiment': 1.0, 'time': 1522085014.873909}
{'device': 'gnfuv-temp-exp1-55d487b85b-5g2xh', 'humidity': 26.0, 'temperature': 37.0, 'experiment': 1.0, 'time': 1522085021.501411}
{'device': 'gnfuv-temp-exp1-55d487b85b-5g2xh', 'humidity': 27.0, 'temperature': 37.0, 'experiment': 1.0, 'time': 1522085027.74214}
{'device': 'gnfuv-temp-exp1-55d487b85b-5g2xh', 'humidity': 27.0, 'temperature': 37.0, 'experiment': 1.0, 'time': 1522085036.510338}
{'device': 'gnfuv-temp-exp1-55d487b85b-5g2xh', 'humidity': 27.0, 'temperature': 37.0, 'experiment': 1.0, 'time': 1522085045.277235}
{'device': 'gnfuv-temp-exp1-55d487b85b-5g2xh', 'humidity': 27.0, 'temperature': 37.0, 'experiment': 1.0, 'time': 1522085051.903309}
{'device': 'gnfuv-temp-exp1-55d487b85b-5g2xh', 'humidity': 27.0, 'temperature': 36.0, 'experiment': 1.0, 'time': 1522085058.143536}
{'device': 'gnfuv-temp-exp1-55d487b85b-5g2xh', 'humidity': 27.0, 'temperature': 36.0, 'experiment': 1.0, 'time': 1522085064.381348}
{'device': 'gnfuv-temp-exp1-55d487b85b-5g2xh', 'humidity': 27.0, 'temperature': 36.0, 'experiment': 1.0, 'time': 1522085070.620728}
{'device': 'gnfuv-temp-exp1-55d487b85b-5g2xh', 'humidity': 27.0, 'temperature': 36.0, 'experiment': 1.0, 'time': 1522085076.863814}
{'device': 'gnfuv-temp-exp1-55d487b85b-5g2xh', 'humidity': 28.0, 'temperature': 36.0, 'experiment': 1.0, 'time': 1522085090.683689}
{'device': 'gnfuv-temp-exp1-55d487b85b-5g2xh', 'humidity': 28.0, 'temperature': 36.0, 'experiment': 1.0, 'time': 1522085099.836591}
{'device': 'gnfuv-temp-exp1-55d487b85b-5g2xh', 'humidity': 28.0, 'temperature': 36.0, 'experiment': 1.0, 'time': 1522085109.036943}
{'device': 'gnfuv-temp-exp1-55d487b85b-5g2xh', 'humidity': 28.0, 'temperature': 36.0, 'experiment': 1.0, 'time': 1522085115.709143}
{'device': 'gnfuv-temp-exp1-55d487b85b-5g2xh', 'humidity': 28.0, 'temperature': 36.0, 'experiment': 1.0, 'time': 1522085119.262232}
{'device': 'gnfuv-temp-exp1-55d487b85b-5g2xh', 'humidity': 28.0, 'temperature': 36.0, 'experiment': 1.0, 'time': 1522085125.913468}
{'device': 'gnfuv-temp-exp1-55d487b85b-5g2xh', 'humidity': 28.0, 'temperature': 36.0, 'experiment': 1.0, 'time': 1522085132.542036}
{'device': 'gnfuv-temp-exp1-55d487b85b-5g2xh', 'humidity': 28.0, 'temperature': 36.0, 'experiment': 1.0, 'time': 1522085139.181993}
{'device': 'gnfuv-temp-exp1-55d487b85b-5g2xh', 'humidity': 29.0, 'temperature': 36.0, 'experiment': 1.0, 'time': 1522085145.823288}
{'device': 'gnfuv-temp-exp1-55d487b85b-5g2xh', 'humidity': 29.0, 'temperature': 36.0, 'experiment': 1.0, 'time': 1522085154.987157}
{'device': 'gnfuv-temp-exp1-55d487b85b-5g2xh', 'humidity': 28.0, 'temperature': 35.0, 'experiment': 1.0, 'time': 1522085161.659474}
{'device': 'gnfuv-temp-exp1-55d487b85b-5g2xh', 'humidity': 29.0, 'temperature': 36.0, 'experiment': 1.0, 'time': 1522085173.352926}
{'device': 'gnfuv-temp-exp1-55d487b85b-5g2xh', 'humidity': 28.0, 'temperature': 35.0, 'experiment': 1.0, 'time': 1522085182.50977}
{'device': 'gnfuv-temp-exp1-55d487b85b-5g2xh', 'humidity': 29.0, 'temperature': 35.0, 'experiment': 1.0, 'time': 1522085188.748787}
{'device': 'gnfuv-temp-exp1-55d487b85b-5g2xh', 'humidity': 29.0, 'temperature': 35.0, 'experiment': 1.0, 'time': 1522085192.30143}
{'device': 'gnfuv-temp-exp1-55d487b85b-5g2xh', 'humidity': 29.0, 'temperature': 35.0, 'experiment': 1.0, 'time': 1522085201.47064}
{'device': 'gnfuv-temp-exp1-55d487b85b-5g2xh', 'humidity': 29.0, 'temperature': 35.0, 'experiment': 1.0, 'time': 1522085210.640697}
{'device': 'gnfuv-temp-exp1-55d487b85b-5g2xh', 'humidity': 29.0, 'temperature': 35.0, 'experiment': 1.0, 'time': 1522085217.310625}
{'device': 'gnfuv-temp-exp1-55d487b85b-5g2xh', 'humidity': 29.0, 'temperature': 35.0, 'experiment': 1.0, 'time': 1522085226.5193}
{'device': 'gnfuv-temp-exp1-55d487b85b-5g2xh', 'humidity': 29.0, 'temperature': 35.0, 'experiment': 1.0, 'time': 1522085230.623626}
{'device': 'gnfuv-temp-exp1-55d487b85b-5g2xh', 'humidity': 29.0, 'temperature': 35.0, 'experiment': 1.0, 'time': 1522085237.26226}
{'device': 'gnfuv-temp-exp1-55d487b85b-5g2xh', 'humidity': 29.0, 'temperature': 35.0, 'experiment': 1.0, 'time': 1522085243.903471}
{'device': 'gnfuv-temp-exp1-55d487b85b-5g2xh', 'humidity': 29.0, 'temperature': 35.0, 'experiment': 1.0, 'time': 1522085250.539835}
{'device': 'gnfuv-temp-exp1-55d487b85b-5g2xh', 'humidity': 29.0, 'temperature': 35.0, 'experiment': 1.0, 'time': 1522085257.182637}
{'device': 'gnfuv-temp-exp1-55d487b85b-5g2xh', 'humidity': 29.0, 'temperature': 35.0, 'experiment': 1.0, 'time': 1522085263.821547}
{'device': 'gnfuv-temp-exp1-55d487b85b-5g2xh', 'humidity': 29.0, 'temperature': 35.0, 'experiment': 1.0, 'time': 1522085270.462736}
{'device': 'gnfuv-temp-exp1-55d487b85b-5g2xh', 'humidity': 29.0, 'temperature': 35.0, 'experiment': 1.0, 'time': 1522085282.163057}
{'device': 'gnfuv-temp-exp1-55d487b85b-5g2xh', 'humidity': 29.0, 'temperature': 35.0, 'experiment': 1.0, 'time': 1522085291.91401}
{'device': 'gnfuv-temp-exp1-55d487b85b-5g2xh', 'humidity': 29.0, 'temperature': 35.0, 'experiment': 1.0, 'time': 1522085298.029948}
{'device': 'gnfuv-temp-exp1-55d487b85b-5g2xh', 'humidity': 29.0, 'temperature': 35.0, 'experiment': 1.0, 'time': 1522085304.703542}
{'device': 'gnfuv-temp-exp1-55d487b85b-5g2xh', 'humidity': 29.0, 'temperature': 35.0, 'experiment': 1.0, 'time': 1522085311.343896}
{'device': 'gnfuv-temp-exp1-55d487b85b-5g2xh', 'humidity': 29.0, 'temperature': 35.0, 'experiment': 1.0, 'time': 1522085317.982145}
{'device': 'gnfuv-temp-exp1-55d487b85b-5g2xh', 'humidity': 29.0, 'temperature': 35.0, 'experiment': 1.0, 'time': 1522085324.621942}
{'device': 'gnfuv-temp-exp1-55d487b85b-5g2xh', 'humidity': 30.0, 'temperature': 35.0, 'experiment': 1.0, 'time': 1522085331.261283}
{'device': 'gnfuv-temp-exp1-55d487b85b-5g2xh', 'humidity': 30.0, 'temperature': 35.0, 'experiment': 1.0, 'time': 1522085337.9022}
{'device': 'gnfuv-temp-exp1-55d487b85b-5g2xh', 'humidity': 30.0, 'temperature': 35.0, 'experiment': 1.0, 'time': 1522085352.12675}
{'device': 'gnfuv-temp-exp1-55d487b85b-5g2xh', 'humidity': 30.0, 'temperature': 35.0, 'experiment': 1.0, 'time': 1522085356.863737}
{'device': 'gnfuv-temp-exp1-55d487b85b-5g2xh', 'humidity': 30.0, 'temperature': 35.0, 'experiment': 1.0, 'time': 1522085363.503419}
{'device': 'gnfuv-temp-exp1-55d487b85b-5g2xh', 'humidity': 30.0, 'temperature': 35.0, 'experiment': 1.0, 'time': 1522085369.74121}
{'device': 'gnfuv-temp-exp1-55d487b85b-5g2xh', 'humidity': 30.0, 'temperature': 35.0, 'experiment': 1.0, 'time': 1522085375.982097}
{'device': 'gnfuv-temp-exp1-55d487b85b-5g2xh', 'humidity': 30.0, 'temperature': 35.0, 'experiment': 1.0, 'time': 1522085389.801344}
{'device': 'gnfuv-temp-exp1-55d487b85b-5g2xh', 'humidity': 30.0, 'temperature': 35.0, 'experiment': 1.0, 'time': 1522085393.340146}
{'device': 'gnfuv-temp-exp1-55d487b85b-5g2xh', 'humidity': 30.0, 'temperature': 35.0, 'experiment': 1.0, 'time': 1522085399.980683}
{'device': 'gnfuv-temp-exp1-55d487b85b-5g2xh', 'humidity': 30.0, 'temperature': 35.0, 'experiment': 1.0, 'time': 1522085411.677105}
{'device': 'gnfuv-temp-exp1-55d487b85b-5g2xh', 'humidity': 30.0, 'temperature': 35.0, 'experiment': 1.0, 'time': 1522085417.903246}
{'device': 'gnfuv-temp-exp1-55d487b85b-5g2xh', 'humidity': 30.0, 'temperature': 35.0, 'experiment': 1.0, 'time': 1522085426.666478}
{'device': 'gnfuv-temp-exp1-55d487b85b-5g2xh', 'humidity': 29.0, 'temperature': 35.0, 'experiment': 1.0, 'time': 1522085438.394026}
{'device': 'gnfuv-temp-exp1-55d487b85b-5g2xh', 'humidity': 29.0, 'temperature': 35.0, 'experiment': 1.0, 'time': 1522085445.629232}
{'device': 'gnfuv-temp-exp1-55d487b85b-5g2xh', 'humidity': 29.0, 'temperature': 35.0, 'experiment': 1.0, 'time': 1522085457.316222}
{'device': 'gnfuv-temp-exp1-55d487b85b-5g2xh', 'humidity': 29.0, 'temperature': 35.0, 'experiment': 1.0, 'time': 1522085460.862054}
{'device': 'gnfuv-temp-exp1-55d487b85b-5g2xh', 'humidity': 29.0, 'temperature': 35.0, 'experiment': 1.0, 'time': 1522085467.501376}
{'device': 'gnfuv-temp-exp1-55d487b85b-5g2xh', 'humidity': 29.0, 'temperature': 35.0, 'experiment': 1.0, 'time': 1522085474.139836}
{'device': 'gnfuv-temp-exp1-55d487b85b-5g2xh', 'humidity': 29.0, 'temperature': 35.0, 'experiment': 1.0, 'time': 1522085483.31298}
{'device': 'gnfuv-temp-exp1-55d487b85b-5g2xh', 'humidity': 29.0, 'temperature': 35.0, 'experiment': 1.0, 'time': 1522085489.95035}
{'device': 'gnfuv-temp-exp1-55d487b85b-5g2xh', 'humidity': 29.0, 'temperature': 35.0, 'experiment': 1.0, 'time': 1522085499.152733}
{'device': 'gnfuv-temp-exp1-55d487b85b-5g2xh', 'humidity': 29.0, 'temperature': 35.0, 'experiment': 1.0, 'time': 1522085503.263497}
{'device': 'gnfuv-temp-exp1-55d487b85b-5g2xh', 'humidity': 29.0, 'temperature': 35.0, 'experiment': 1.0, 'time': 1522085509.903933}
{'device': 'gnfuv-temp-exp1-55d487b85b-5g2xh', 'humidity': 29.0, 'temperature': 35.0, 'experiment': 1.0, 'time': 1522085516.542546}
{'device': 'gnfuv-temp-exp1-55d487b85b-5g2xh', 'humidity': 29.0, 'temperature': 35.0, 'experiment': 1.0, 'time': 1522085523.181501}
{'device': 'gnfuv-temp-exp1-55d487b85b-5g2xh', 'humidity': 30.0, 'temperature': 36.0, 'experiment': 1.0, 'time': 1522085529.818761}
{'device': 'gnfuv-temp-exp1-55d487b85b-5g2xh', 'humidity': 29.0, 'temperature': 36.0, 'experiment': 1.0, 'time': 1522085536.461588}
{'device': 'gnfuv-temp-exp1-55d487b85b-5g2xh', 'humidity': 29.0, 'temperature': 36.0, 'experiment': 1.0, 'time': 1522085548.157414}
{'device': 'gnfuv-temp-exp1-55d487b85b-5g2xh', 'humidity': 28.0, 'temperature': 36.0, 'experiment': 1.0, 'time': 1522085552.862047}
{'device': 'gnfuv-temp-exp1-55d487b85b-5g2xh', 'humidity': 28.0, 'temperature': 36.0, 'experiment': 1.0, 'time': 1522085564.553926}
{'device': 'gnfuv-temp-exp1-55d487b85b-5g2xh', 'humidity': 28.0, 'temperature': 36.0, 'experiment': 1.0, 'time': 1522085571.179312}
{'device': 'gnfuv-temp-exp1-55d487b85b-5g2xh', 'humidity': 28.0, 'temperature': 36.0, 'experiment': 1.0, 'time': 1522085579.950475}
{'device': 'gnfuv-temp-exp1-55d487b85b-5g2xh', 'humidity': 28.0, 'temperature': 36.0, 'experiment': 1.0, 'time': 1522085586.190116}
{'device': 'gnfuv-temp-exp1-55d487b85b-5g2xh', 'humidity': 28.0, 'temperature': 36.0, 'experiment': 1.0, 'time': 1522085592.269902}
{'device': 'gnfuv-temp-exp1-55d487b85b-5g2xh', 'humidity': 28.0, 'temperature': 36.0, 'experiment': 1.0, 'time': 1522085596.381196}
{'device': 'gnfuv-temp-exp1-55d487b85b-5g2xh', 'humidity': 28.0, 'temperature': 36.0, 'experiment': 1.0, 'time': 1522085603.022411}
{'device': 'gnfuv-temp-exp1-55d487b85b-5g2xh', 'humidity': 28.0, 'temperature': 36.0, 'experiment': 1.0, 'time': 1522085609.661263}
{'device': 'gnfuv-temp-exp1-55d487b85b-5g2xh', 'humidity': 28.0, 'temperature': 36.0, 'experiment': 1.0, 'time': 1522085616.301266}
{'device': 'gnfuv-temp-exp1-55d487b85b-5g2xh', 'humidity': 28.0, 'temperature': 36.0, 'experiment': 1.0, 'time': 1522085625.470839}
{'device': 'gnfuv-temp-exp1-55d487b85b-5g2xh', 'humidity': 28.0, 'temperature': 36.0, 'experiment': 1.0, 'time': 1522085634.63929}
{'device': 'gnfuv-temp-exp1-55d487b85b-5g2xh', 'humidity': 28.0, 'temperature': 36.0, 'experiment': 1.0, 'time': 1522085638.781432}
{'device': 'gnfuv-temp-exp1-55d487b85b-5g2xh', 'humidity': 28.0, 'temperature': 36.0, 'experiment': 1.0, 'time': 1522085645.42251}
{'device': 'gnfuv-temp-exp1-55d487b85b-5g2xh', 'humidity': 28.0, 'temperature': 36.0, 'experiment': 1.0, 'time': 1522085652.063173}
{'device': 'gnfuv-temp-exp1-55d487b85b-5g2xh', 'humidity': 28.0, 'temperature': 36.0, 'experiment': 1.0, 'time': 1522085658.702972}
{'device': 'gnfuv-temp-exp1-55d487b85b-5g2xh', 'humidity': 28.0, 'temperature': 36.0, 'experiment': 1.0, 'time': 1522085665.34346}
{'device': 'gnfuv-temp-exp1-55d487b85b-5g2xh', 'humidity': 28.0, 'temperature': 36.0, 'experiment': 1.0, 'time': 1522085674.510887}
{'device': 'gnfuv-temp-exp1-55d487b85b-5g2xh', 'humidity': 28.0, 'temperature': 36.0, 'experiment': 1.0, 'time': 1522085681.183526}
{'device': 'gnfuv-temp-exp1-55d487b85b-5g2xh', 'humidity': 28.0, 'temperature': 36.0, 'experiment': 1.0, 'time': 1522085687.822726}
{'device': 'gnfuv-temp-exp1-55d487b85b-5g2xh', 'humidity': 28.0, 'temperature': 36.0, 'experiment': 1.0, 'time': 1522085694.461371}
{'device': 'gnfuv-temp-exp1-55d487b85b-5g2xh', 'humidity': 28.0, 'temperature': 36.0, 'experiment': 1.0, 'time': 1522085711.210571}
{'device': 'gnfuv-temp-exp1-55d487b85b-5g2xh', 'humidity': 28.0, 'temperature': 36.0, 'experiment': 1.0, 'time': 1522085717.902746}
{'device': 'gnfuv-temp-exp1-55d487b85b-5g2xh', 'humidity': 27.0, 'temperature': 36.0, 'experiment': 1.0, 'time': 1522085724.142325}
{'device': 'gnfuv-temp-exp1-55d487b85b-5g2xh', 'humidity': 27.0, 'temperature': 36.0, 'experiment': 1.0, 'time': 1522085730.382674}
{'device': 'gnfuv-temp-exp1-55d487b85b-5g2xh', 'humidity': 27.0, 'temperature': 37.0, 'experiment': 1.0, 'time': 1522085736.622657}
{'device': 'gnfuv-temp-exp1-55d487b85b-5g2xh', 'humidity': 27.0, 'temperature': 37.0, 'experiment': 1.0, 'time': 1522085742.861301}
{'device': 'gnfuv-temp-exp1-55d487b85b-5g2xh', 'humidity': 27.0, 'temperature': 37.0, 'experiment': 1.0, 'time': 1522085749.102882}
{'device': 'gnfuv-temp-exp1-55d487b85b-5g2xh', 'humidity': 26.0, 'temperature': 37.0, 'experiment': 1.0, 'time': 1522085760.396889}
{'device': 'gnfuv-temp-exp1-55d487b85b-5g2xh', 'humidity': 26.0, 'temperature': 37.0, 'experiment': 1.0, 'time': 1522085767.101683}
{'device': 'gnfuv-temp-exp1-55d487b85b-5g2xh', 'humidity': 26.0, 'temperature': 38.0, 'experiment': 1.0, 'time': 1522085773.742389}
{'device': 'gnfuv-temp-exp1-55d487b85b-5g2xh', 'humidity': 26.0, 'temperature': 38.0, 'experiment': 1.0, 'time': 1522085782.910296}
{'device': 'gnfuv-temp-exp1-55d487b85b-5g2xh', 'humidity': 25.0, 'temperature': 38.0, 'experiment': 1.0, 'time': 1522085792.109146}
{'device': 'gnfuv-temp-exp1-55d487b85b-5g2xh', 'humidity': 25.0, 'temperature': 38.0, 'experiment': 1.0, 'time': 1522085798.782571}
{'device': 'gnfuv-temp-exp1-55d487b85b-5g2xh', 'humidity': 24.0, 'temperature': 38.0, 'experiment': 1.0, 'time': 1522085805.421409}
{'device': 'gnfuv-temp-exp1-55d487b85b-5g2xh', 'humidity': 24.0, 'temperature': 38.0, 'experiment': 1.0, 'time': 1522085812.063343}
{'device': 'gnfuv-temp-exp1-55d487b85b-5g2xh', 'humidity': 24.0, 'temperature': 39.0, 'experiment': 1.0, 'time': 1522085818.702174}
{'device': 'gnfuv-temp-exp1-55d487b85b-5g2xh', 'humidity': 24.0, 'temperature': 39.0, 'experiment': 1.0, 'time': 1522085825.341228}
{'device': 'gnfuv-temp-exp1-55d487b85b-5g2xh', 'humidity': 24.0, 'temperature': 39.0, 'experiment': 1.0, 'time': 1522085831.982086}
{'device': 'gnfuv-temp-exp1-55d487b85b-5g2xh', 'humidity': 23.0, 'temperature': 39.0, 'experiment': 1.0, 'time': 1522085838.621793}
{'device': 'gnfuv-temp-exp1-55d487b85b-5g2xh', 'humidity': 23.0, 'temperature': 39.0, 'experiment': 1.0, 'time': 1522085845.261547}
{'device': 'gnfuv-temp-exp1-55d487b85b-5g2xh', 'humidity': 23.0, 'temperature': 39.0, 'experiment': 1.0, 'time': 1522085851.902264}
{'device': 'gnfuv-temp-exp1-55d487b85b-5g2xh', 'humidity': 22.0, 'temperature': 39.0, 'experiment': 1.0, 'time': 1522085858.541377}
{'device': 'gnfuv-temp-exp1-55d487b85b-5g2xh', 'humidity': 22.0, 'temperature': 40.0, 'experiment': 1.0, 'time': 1522085865.191508}
{'device': 'gnfuv-temp-exp1-55d487b85b-5g2xh', 'humidity': 21.0, 'temperature': 40.0, 'experiment': 1.0, 'time': 1522085876.877254}
{'device': 'gnfuv-temp-exp1-55d487b85b-5g2xh', 'humidity': 21.0, 'temperature': 40.0, 'experiment': 1.0, 'time': 1522085881.02357}
{'device': 'gnfuv-temp-exp1-55d487b85b-5g2xh', 'humidity': 21.0, 'temperature': 40.0, 'experiment': 1.0, 'time': 1522085887.662243}
{'device': 'gnfuv-temp-exp1-55d487b85b-5g2xh', 'humidity': 21.0, 'temperature': 40.0, 'experiment': 1.0, 'time': 1522085894.303245}
{'device': 'gnfuv-temp-exp1-55d487b85b-5g2xh', 'humidity': 21.0, 'temperature': 40.0, 'experiment': 1.0, 'time': 1522085900.941293}
{'device': 'gnfuv-temp-exp1-55d487b85b-5g2xh', 'humidity': 21.0, 'temperature': 40.0, 'experiment': 1.0, 'time': 1522085912.641715}
{'device': 'gnfuv-temp-exp1-55d487b85b-5g2xh', 'humidity': 21.0, 'temperature': 40.0, 'experiment': 1.0, 'time': 1522085917.341946}
{'device': 'gnfuv-temp-exp1-55d487b85b-5g2xh', 'humidity': 21.0, 'temperature': 40.0, 'experiment': 1.0, 'time': 1522085923.983188}
{'device': 'gnfuv-temp-exp1-55d487b85b-5g2xh', 'humidity': 21.0, 'temperature': 40.0, 'experiment': 1.0, 'time': 1522085930.22196}
{'device': 'gnfuv-temp-exp1-55d487b85b-5g2xh', 'humidity': 21.0, 'temperature': 40.0, 'experiment': 1.0, 'time': 1522085936.462509}
{'device': 'gnfuv-temp-exp1-55d487b85b-5g2xh', 'humidity': 21.0, 'temperature': 40.0, 'experiment': 1.0, 'time': 1522085942.704098}
{'device': 'gnfuv-temp-exp1-55d487b85b-5g2xh', 'humidity': 21.0, 'temperature': 40.0, 'experiment': 1.0, 'time': 1522085948.942403}
{'device': 'gnfuv-temp-exp1-55d487b85b-5g2xh', 'humidity': 20.0, 'temperature': 40.0, 'experiment': 1.0, 'time': 1522085955.182002}
{'device': 'gnfuv-temp-exp1-55d487b85b-5g2xh', 'humidity': 20.0, 'temperature': 40.0, 'experiment': 1.0, 'time': 1522085961.423405}
{'device': 'gnfuv-temp-exp1-55d487b85b-5g2xh', 'humidity': 20.0, 'temperature': 40.0, 'experiment': 1.0, 'time': 1522085967.661221}
{'device': 'gnfuv-temp-exp1-55d487b85b-5g2xh', 'humidity': 20.0, 'temperature': 40.0, 'experiment': 1.0, 'time': 1522085974.299911}
{'device': 'gnfuv-temp-exp1-55d487b85b-5g2xh', 'humidity': 21.0, 'temperature': 41.0, 'experiment': 1.0, 'time': 1522085983.069895}
{'device': 'gnfuv-temp-exp1-55d487b85b-5g2xh', 'humidity': 20.0, 'temperature': 41.0, 'experiment': 1.0, 'time': 1522085989.741335}
{'device': 'gnfuv-temp-exp1-55d487b85b-5g2xh', 'humidity': 20.0, 'temperature': 41.0, 'experiment': 1.0, 'time': 1522085996.380077}
{'device': 'gnfuv-temp-exp1-55d487b85b-5g2xh', 'humidity': 20.0, 'temperature': 41.0, 'experiment': 1.0, 'time': 1522086005.554512}
{'device': 'gnfuv-temp-exp1-55d487b85b-5g2xh', 'humidity': 20.0, 'temperature': 41.0, 'experiment': 1.0, 'time': 1522086012.190476}
{'device': 'gnfuv-temp-exp1-55d487b85b-5g2xh', 'humidity': 19.0, 'temperature': 41.0, 'experiment': 1.0, 'time': 1522086021.390376}
{'device': 'gnfuv-temp-exp1-55d487b85b-5g2xh', 'humidity': 19.0, 'temperature': 41.0, 'experiment': 1.0, 'time': 1522086028.062479}
{'device': 'gnfuv-temp-exp1-55d487b85b-5g2xh', 'humidity': 19.0, 'temperature': 41.0, 'experiment': 1.0, 'time': 1522086034.703163}
{'device': 'gnfuv-temp-exp1-55d487b85b-5g2xh', 'humidity': 19.0, 'temperature': 41.0, 'experiment': 1.0, 'time': 1522086041.342334}
{'device': 'gnfuv-temp-exp1-55d487b85b-5g2xh', 'humidity': 19.0, 'temperature': 41.0, 'experiment': 1.0, 'time': 1522086047.982533}
{'device': 'gnfuv-temp-exp1-55d487b85b-5g2xh', 'humidity': 19.0, 'temperature': 41.0, 'experiment': 1.0, 'time': 1522086054.621346}
{'device': 'gnfuv-temp-exp1-55d487b85b-5g2xh', 'humidity': 19.0, 'temperature': 41.0, 'experiment': 1.0, 'time': 1522086066.321167}
{'device': 'gnfuv-temp-exp1-55d487b85b-5g2xh', 'humidity': 19.0, 'temperature': 41.0, 'experiment': 1.0, 'time': 1522086073.022164}
{'device': 'gnfuv-temp-exp1-55d487b85b-5g2xh', 'humidity': 19.0, 'temperature': 41.0, 'experiment': 1.0, 'time': 1522086082.189585}
{'device': 'gnfuv-temp-exp1-55d487b85b-5g2xh', 'humidity': 19.0, 'temperature': 41.0, 'experiment': 1.0, 'time': 1522086091.392461}
{'device': 'gnfuv-temp-exp1-55d487b85b-5g2xh', 'humidity': 20.0, 'temperature': 41.0, 'experiment': 1.0, 'time': 1522086095.503259}
{'device': 'gnfuv-temp-exp1-55d487b85b-5g2xh', 'humidity': 20.0, 'temperature': 41.0, 'experiment': 1.0, 'time': 1522086102.143353}
{'device': 'gnfuv-temp-exp1-55d487b85b-5g2xh', 'humidity': 19.0, 'temperature': 40.0, 'experiment': 1.0, 'time': 1522086108.781281}
{'device': 'gnfuv-temp-exp1-55d487b85b-5g2xh', 'humidity': 19.0, 'temperature': 40.0, 'experiment': 1.0, 'time': 1522086115.421241}
{'device': 'gnfuv-temp-exp1-55d487b85b-5g2xh', 'humidity': 20.0, 'temperature': 40.0, 'experiment': 1.0, 'time': 1522086124.589516}
{'device': 'gnfuv-temp-exp1-55d487b85b-5g2xh', 'humidity': 20.0, 'temperature': 40.0, 'experiment': 1.0, 'time': 1522086131.271976}
{'device': 'gnfuv-temp-exp1-55d487b85b-5g2xh', 'humidity': 20.0, 'temperature': 40.0, 'experiment': 1.0, 'time': 1522086137.902576}
{'device': 'gnfuv-temp-exp1-55d487b85b-5g2xh', 'humidity': 21.0, 'temperature': 40.0, 'experiment': 1.0, 'time': 1522086144.5417}
{'device': 'gnfuv-temp-exp1-55d487b85b-5g2xh', 'humidity': 21.0, 'temperature': 40.0, 'experiment': 1.0, 'time': 1522086151.182682}
{'device': 'gnfuv-temp-exp1-55d487b85b-5g2xh', 'humidity': 21.0, 'temperature': 40.0, 'experiment': 1.0, 'time': 1522086160.349049}
{'device': 'gnfuv-temp-exp1-55d487b85b-5g2xh', 'humidity': 21.0, 'temperature': 40.0, 'experiment': 1.0, 'time': 1522086169.117493}
{'device': 'gnfuv-temp-exp1-55d487b85b-5g2xh', 'humidity': 21.0, 'temperature': 40.0, 'experiment': 1.0, 'time': 1522086175.7899}
{'device': 'gnfuv-temp-exp1-55d487b85b-5g2xh', 'humidity': 21.0, 'temperature': 40.0, 'experiment': 1.0, 'time': 1522086179.342013}
{'device': 'gnfuv-temp-exp1-55d487b85b-5g2xh', 'humidity': 21.0, 'temperature': 40.0, 'experiment': 1.0, 'time': 1522086188.509434}
{'device': 'gnfuv-temp-exp1-55d487b85b-5g2xh', 'humidity': 20.0, 'temperature': 40.0, 'experiment': 1.0, 'time': 1522086195.182251}
{'device': 'gnfuv-temp-exp1-55d487b85b-5g2xh', 'humidity': 20.0, 'temperature': 40.0, 'experiment': 1.0, 'time': 1522086201.821892}
{'device': 'gnfuv-temp-exp1-55d487b85b-5g2xh', 'humidity': 20.0, 'temperature': 40.0, 'experiment': 1.0, 'time': 1522086211.004833}
{'device': 'gnfuv-temp-exp1-55d487b85b-5g2xh', 'humidity': 20.0, 'temperature': 40.0, 'experiment': 1.0, 'time': 1522086215.106255}
{'device': 'gnfuv-temp-exp1-55d487b85b-5g2xh', 'humidity': 21.0, 'temperature': 41.0, 'experiment': 1.0, 'time': 1522086221.7412}
{'device': 'gnfuv-temp-exp1-55d487b85b-5g2xh', 'humidity': 20.0, 'temperature': 41.0, 'experiment': 1.0, 'time': 1522086230.909402}
{'device': 'gnfuv-temp-exp1-55d487b85b-5g2xh', 'humidity': 20.0, 'temperature': 41.0, 'experiment': 1.0, 'time': 1522086242.634266}
{'device': 'gnfuv-temp-exp1-55d487b85b-5g2xh', 'humidity': 19.0, 'temperature': 41.0, 'experiment': 1.0, 'time': 1522086249.26406}
{'device': 'gnfuv-temp-exp1-55d487b85b-5g2xh', 'humidity': 19.0, 'temperature': 41.0, 'experiment': 1.0, 'time': 1522086255.900904}
{'device': 'gnfuv-temp-exp1-55d487b85b-5g2xh', 'humidity': 19.0, 'temperature': 41.0, 'experiment': 1.0, 'time': 1522086265.070271}
{'device': 'gnfuv-temp-exp1-55d487b85b-5g2xh', 'humidity': 19.0, 'temperature': 41.0, 'experiment': 1.0, 'time': 1522086271.741385}
{'device': 'gnfuv-temp-exp1-55d487b85b-5g2xh', 'humidity': 19.0, 'temperature': 41.0, 'experiment': 1.0, 'time': 1522086278.38034}
{'device': 'gnfuv-temp-exp1-55d487b85b-5g2xh', 'humidity': 18.0, 'temperature': 42.0, 'experiment': 1.0, 'time': 1522086285.022101}
{'device': 'gnfuv-temp-exp1-55d487b85b-5g2xh', 'humidity': 18.0, 'temperature': 42.0, 'experiment': 1.0, 'time': 1522086299.240249}
{'device': 'gnfuv-temp-exp1-55d487b85b-5g2xh', 'humidity': 18.0, 'temperature': 42.0, 'experiment': 1.0, 'time': 1522086305.468139}
{'device': 'gnfuv-temp-exp1-55d487b85b-5g2xh', 'humidity': 17.0, 'temperature': 42.0, 'experiment': 1.0, 'time': 1522086314.078048}
{'device': 'gnfuv-temp-exp1-55d487b85b-5g2xh', 'humidity': 17.0, 'temperature': 42.0, 'experiment': 1.0, 'time': 1522086320.750095}
{'device': 'gnfuv-temp-exp1-55d487b85b-5g2xh', 'humidity': 17.0, 'temperature': 42.0, 'experiment': 1.0, 'time': 1522086327.391027}
{'device': 'gnfuv-temp-exp1-55d487b85b-5g2xh', 'humidity': 17.0, 'temperature': 42.0, 'experiment': 1.0, 'time': 1522086336.589333}
{'device': 'gnfuv-temp-exp1-55d487b85b-5g2xh', 'humidity': 17.0, 'temperature': 42.0, 'experiment': 1.0, 'time': 1522086343.261956}
{'device': 'gnfuv-temp-exp1-55d487b85b-5g2xh', 'humidity': 17.0, 'temperature': 42.0, 'experiment': 1.0, 'time': 1522086349.901283}
{'device': 'gnfuv-temp-exp1-55d487b85b-5g2xh', 'humidity': 17.0, 'temperature': 42.0, 'experiment': 1.0, 'time': 1522086356.541323}
{'device': 'gnfuv-temp-exp1-55d487b85b-5g2xh', 'humidity': 17.0, 'temperature': 42.0, 'experiment': 1.0, 'time': 1522086365.711338}
{'device': 'gnfuv-temp-exp1-55d487b85b-5g2xh', 'humidity': 17.0, 'temperature': 42.0, 'experiment': 1.0, 'time': 1522086369.821356}
{'device': 'gnfuv-temp-exp1-55d487b85b-5g2xh', 'humidity': 17.0, 'temperature': 42.0, 'experiment': 1.0, 'time': 1522086376.461216}
{'device': 'gnfuv-temp-exp1-55d487b85b-5g2xh', 'humidity': 18.0, 'temperature': 42.0, 'experiment': 1.0, 'time': 1522086383.102693}
{'device': 'gnfuv-temp-exp1-55d487b85b-5g2xh', 'humidity': 18.0, 'temperature': 42.0, 'experiment': 1.0, 'time': 1522086389.741298}
{'device': 'gnfuv-temp-exp1-55d487b85b-5g2xh', 'humidity': 19.0, 'temperature': 41.0, 'experiment': 1.0, 'time': 1522086401.440075}
{'device': 'gnfuv-temp-exp1-55d487b85b-5g2xh', 'humidity': 19.0, 'temperature': 41.0, 'experiment': 1.0, 'time': 1522086410.638303}
{'device': 'gnfuv-temp-exp1-55d487b85b-5g2xh', 'humidity': 19.0, 'temperature': 41.0, 'experiment': 1.0, 'time': 1522086417.316483}
{'device': 'gnfuv-temp-exp1-55d487b85b-5g2xh', 'humidity': 20.0, 'temperature': 41.0, 'experiment': 1.0, 'time': 1522086421.422992}
{'device': 'gnfuv-temp-exp1-55d487b85b-5g2xh', 'humidity': 19.0, 'temperature': 40.0, 'experiment': 1.0, 'time': 1522086428.06248}
{'device': 'gnfuv-temp-exp1-55d487b85b-5g2xh', 'humidity': 19.0, 'temperature': 40.0, 'experiment': 1.0, 'time': 1522086434.702496}
{'device': 'gnfuv-temp-exp1-55d487b85b-5g2xh', 'humidity': 20.0, 'temperature': 40.0, 'experiment': 1.0, 'time': 1522086441.342085}
{'device': 'gnfuv-temp-exp1-55d487b85b-5g2xh', 'humidity': 20.0, 'temperature': 40.0, 'experiment': 1.0, 'time': 1522086447.981057}
{'device': 'gnfuv-temp-exp1-55d487b85b-5g2xh', 'humidity': 20.0, 'temperature': 40.0, 'experiment': 1.0, 'time': 1522086454.621395}
{'device': 'gnfuv-temp-exp1-55d487b85b-5g2xh', 'humidity': 20.0, 'temperature': 40.0, 'experiment': 1.0, 'time': 1522086461.262159}
{'device': 'gnfuv-temp-exp1-55d487b85b-5g2xh', 'humidity': 21.0, 'temperature': 40.0, 'experiment': 1.0, 'time': 1522086467.902341}
{'device': 'gnfuv-temp-exp1-55d487b85b-5g2xh', 'humidity': 21.0, 'temperature': 40.0, 'experiment': 1.0, 'time': 1522086474.542882}
{'device': 'gnfuv-temp-exp1-55d487b85b-5g2xh', 'humidity': 21.0, 'temperature': 40.0, 'experiment': 1.0, 'time': 1522086481.180724}
{'device': 'gnfuv-temp-exp1-55d487b85b-5g2xh', 'humidity': 21.0, 'temperature': 39.0, 'experiment': 1.0, 'time': 1522086487.822668}
{'device': 'gnfuv-temp-exp1-55d487b85b-5g2xh', 'humidity': 21.0, 'temperature': 40.0, 'experiment': 1.0, 'time': 1522086496.995139}
{'device': 'gnfuv-temp-exp1-55d487b85b-5g2xh', 'humidity': 21.0, 'temperature': 40.0, 'experiment': 1.0, 'time': 1522086503.661346}
{'device': 'gnfuv-temp-exp1-55d487b85b-5g2xh', 'humidity': 20.0, 'temperature': 40.0, 'experiment': 1.0, 'time': 1522086510.302641}
{'device': 'gnfuv-temp-exp1-55d487b85b-5g2xh', 'humidity': 20.0, 'temperature': 40.0, 'experiment': 1.0, 'time': 1522086519.470786}
{'device': 'gnfuv-temp-exp1-55d487b85b-5g2xh', 'humidity': 20.0, 'temperature': 40.0, 'experiment': 1.0, 'time': 1522086526.142472}
{'device': 'gnfuv-temp-exp1-55d487b85b-5g2xh', 'humidity': 20.0, 'temperature': 40.0, 'experiment': 1.0, 'time': 1522086532.782161}
{'device': 'gnfuv-temp-exp1-55d487b85b-5g2xh', 'humidity': 20.0, 'temperature': 41.0, 'experiment': 1.0, 'time': 1522086539.422195}
{'device': 'gnfuv-temp-exp1-55d487b85b-5g2xh', 'humidity': 20.0, 'temperature': 41.0, 'experiment': 1.0, 'time': 1522086546.062101}
{'device': 'gnfuv-temp-exp1-55d487b85b-5g2xh', 'humidity': 20.0, 'temperature': 41.0, 'experiment': 1.0, 'time': 1522086552.702264}
{'device': 'gnfuv-temp-exp1-55d487b85b-5g2xh', 'humidity': 19.0, 'temperature': 41.0, 'experiment': 1.0, 'time': 1522086561.871467}
{'device': 'gnfuv-temp-exp1-55d487b85b-5g2xh', 'humidity': 19.0, 'temperature': 41.0, 'experiment': 1.0, 'time': 1522086568.54284}
{'device': 'gnfuv-temp-exp1-55d487b85b-5g2xh', 'humidity': 18.0, 'temperature': 42.0, 'experiment': 1.0, 'time': 1522086575.183511}
{'device': 'gnfuv-temp-exp1-55d487b85b-5g2xh', 'humidity': 18.0, 'temperature': 42.0, 'experiment': 1.0, 'time': 1522086586.875995}
{'device': 'gnfuv-temp-exp1-55d487b85b-5g2xh', 'humidity': 18.0, 'temperature': 42.0, 'experiment': 1.0, 'time': 1522086594.109251}
{'device': 'gnfuv-temp-exp1-55d487b85b-5g2xh', 'humidity': 18.0, 'temperature': 42.0, 'experiment': 1.0, 'time': 1522086600.747179}
{'device': 'gnfuv-temp-exp1-55d487b85b-5g2xh', 'humidity': 18.0, 'temperature': 41.0, 'experiment': 1.0, 'time': 1522086609.360946}
{'device': 'gnfuv-temp-exp1-55d487b85b-5g2xh', 'humidity': 18.0, 'temperature': 41.0, 'experiment': 1.0, 'time': 1522086616.586443}
{'device': 'gnfuv-temp-exp1-55d487b85b-5g2xh', 'humidity': 19.0, 'temperature': 41.0, 'experiment': 1.0, 'time': 1522086620.142506}
{'device': 'gnfuv-temp-exp1-55d487b85b-5g2xh', 'humidity': 19.0, 'temperature': 41.0, 'experiment': 1.0, 'time': 1522086626.781423}
{'device': 'gnfuv-temp-exp1-55d487b85b-5g2xh', 'humidity': 19.0, 'temperature': 41.0, 'experiment': 1.0, 'time': 1522086635.950276}
{'device': 'gnfuv-temp-exp1-55d487b85b-5g2xh', 'humidity': 19.0, 'temperature': 41.0, 'experiment': 1.0, 'time': 1522086642.623828}
{'device': 'gnfuv-temp-exp1-55d487b85b-5g2xh', 'humidity': 20.0, 'temperature': 41.0, 'experiment': 1.0, 'time': 1522086649.272203}
{'device': 'gnfuv-temp-exp1-55d487b85b-5g2xh', 'humidity': 20.0, 'temperature': 41.0, 'experiment': 1.0, 'time': 1522086655.902614}
{'device': 'gnfuv-temp-exp1-55d487b85b-5g2xh', 'humidity': 19.0, 'temperature': 40.0, 'experiment': 1.0, 'time': 1522086662.54123}
{'device': 'gnfuv-temp-exp1-55d487b85b-5g2xh', 'humidity': 19.0, 'temperature': 40.0, 'experiment': 1.0, 'time': 1522086669.181306}
{'device': 'gnfuv-temp-exp1-55d487b85b-5g2xh', 'humidity': 20.0, 'temperature': 40.0, 'experiment': 1.0, 'time': 1522086675.821989}
{'device': 'gnfuv-temp-exp1-55d487b85b-5g2xh', 'humidity': 20.0, 'temperature': 40.0, 'experiment': 1.0, 'time': 1522086682.462386}
{'device': 'gnfuv-temp-exp1-55d487b85b-5g2xh', 'humidity': 21.0, 'temperature': 40.0, 'experiment': 1.0, 'time': 1522086691.630287}
{'device': 'gnfuv-temp-exp1-55d487b85b-5g2xh', 'humidity': 21.0, 'temperature': 40.0, 'experiment': 1.0, 'time': 1522086695.742562}
{'device': 'gnfuv-temp-exp1-55d487b85b-5g2xh', 'humidity': 21.0, 'temperature': 40.0, 'experiment': 1.0, 'time': 1522086702.381438}
{'device': 'gnfuv-temp-exp1-55d487b85b-5g2xh', 'humidity': 21.0, 'temperature': 40.0, 'experiment': 1.0, 'time': 1522086709.02204}
{'device': 'gnfuv-temp-exp1-55d487b85b-5g2xh', 'humidity': 21.0, 'temperature': 40.0, 'experiment': 1.0, 'time': 1522086718.189726}
{'device': 'gnfuv-temp-exp1-55d487b85b-5g2xh', 'humidity': 21.0, 'temperature': 40.0, 'experiment': 1.0, 'time': 1522086722.302657}
{'device': 'gnfuv-temp-exp1-55d487b85b-5g2xh', 'humidity': 21.0, 'temperature': 39.0, 'experiment': 1.0, 'time': 1522086728.943433}
{'device': 'gnfuv-temp-exp1-55d487b85b-5g2xh', 'humidity': 21.0, 'temperature': 40.0, 'experiment': 1.0, 'time': 1522086738.107258}
{'device': 'gnfuv-temp-exp1-55d487b85b-5g2xh', 'humidity': 21.0, 'temperature': 40.0, 'experiment': 1.0, 'time': 1522086744.782112}
{'device': 'gnfuv-temp-exp1-55d487b85b-5g2xh', 'humidity': 21.0, 'temperature': 40.0, 'experiment': 1.0, 'time': 1522086751.423445}
{'device': 'gnfuv-temp-exp1-55d487b85b-5g2xh', 'humidity': 21.0, 'temperature': 40.0, 'experiment': 1.0, 'time': 1522086757.659576}
{'device': 'gnfuv-temp-exp1-55d487b85b-5g2xh', 'humidity': 21.0, 'temperature': 40.0, 'experiment': 1.0, 'time': 1522086763.902254}
{'device': 'gnfuv-temp-exp1-55d487b85b-5g2xh', 'humidity': 21.0, 'temperature': 40.0, 'experiment': 1.0, 'time': 1522086770.142366}
{'device': 'gnfuv-temp-exp1-55d487b85b-5g2xh', 'humidity': 20.0, 'temperature': 40.0, 'experiment': 1.0, 'time': 1522086776.382404}
{'device': 'gnfuv-temp-exp1-55d487b85b-5g2xh', 'humidity': 20.0, 'temperature': 40.0, 'experiment': 1.0, 'time': 1522086782.619388}
{'device': 'gnfuv-temp-exp1-55d487b85b-5g2xh', 'humidity': 20.0, 'temperature': 40.0, 'experiment': 1.0, 'time': 1522086788.863357}
{'device': 'gnfuv-temp-exp1-55d487b85b-5g2xh', 'humidity': 20.0, 'temperature': 40.0, 'experiment': 1.0, 'time': 1522086795.103147}
{'device': 'gnfuv-temp-exp1-55d487b85b-5g2xh', 'humidity': 20.0, 'temperature': 40.0, 'experiment': 1.0, 'time': 1522086806.394019}
{'device': 'gnfuv-temp-exp1-55d487b85b-5g2xh', 'humidity': 20.0, 'temperature': 40.0, 'experiment': 1.0, 'time': 1522086813.022024}
{'device': 'gnfuv-temp-exp1-55d487b85b-5g2xh', 'humidity': 20.0, 'temperature': 40.0, 'experiment': 1.0, 'time': 1522086819.261909}
{'device': 'gnfuv-temp-exp1-55d487b85b-5g2xh', 'humidity': 19.0, 'temperature': 40.0, 'experiment': 1.0, 'time': 1522086825.506485}
{'device': 'gnfuv-temp-exp1-55d487b85b-5g2xh', 'humidity': 20.0, 'temperature': 41.0, 'experiment': 1.0, 'time': 1522086831.743341}
{'device': 'gnfuv-temp-exp1-55d487b85b-5g2xh', 'humidity': 20.0, 'temperature': 41.0, 'experiment': 1.0, 'time': 1522086837.982861}
{'device': 'gnfuv-temp-exp1-55d487b85b-5g2xh', 'humidity': 20.0, 'temperature': 41.0, 'experiment': 1.0, 'time': 1522086844.223174}
{'device': 'gnfuv-temp-exp1-55d487b85b-5g2xh', 'humidity': 19.0, 'temperature': 41.0, 'experiment': 1.0, 'time': 1522086855.513452}
{'device': 'gnfuv-temp-exp1-55d487b85b-5g2xh', 'humidity': 20.0, 'temperature': 41.0, 'experiment': 1.0, 'time': 1522086864.67189}
{'device': 'gnfuv-temp-exp1-55d487b85b-5g2xh', 'humidity': 19.0, 'temperature': 40.0, 'experiment': 1.0, 'time': 1522086870.906827}
{'device': 'gnfuv-temp-exp1-55d487b85b-5g2xh', 'humidity': 20.0, 'temperature': 41.0, 'experiment': 1.0, 'time': 1522086874.471495}
{'device': 'gnfuv-temp-exp1-55d487b85b-5g2xh', 'humidity': 20.0, 'temperature': 41.0, 'experiment': 1.0, 'time': 1522086881.101553}
{'device': 'gnfuv-temp-exp1-55d487b85b-5g2xh', 'humidity': 20.0, 'temperature': 41.0, 'experiment': 1.0, 'time': 1522086887.741283}
{'device': 'gnfuv-temp-exp1-55d487b85b-5g2xh', 'humidity': 20.0, 'temperature': 41.0, 'experiment': 1.0, 'time': 1522086894.382397}
{'device': 'gnfuv-temp-exp1-55d487b85b-5g2xh', 'humidity': 19.0, 'temperature': 41.0, 'experiment': 1.0, 'time': 1522086903.551065}
{'device': 'gnfuv-temp-exp1-55d487b85b-5g2xh', 'humidity': 19.0, 'temperature': 41.0, 'experiment': 1.0, 'time': 1522086910.222789}
{'device': 'gnfuv-temp-exp1-55d487b85b-5g2xh', 'humidity': 19.0, 'temperature': 41.0, 'experiment': 1.0, 'time': 1522086919.392482}
{'device': 'gnfuv-temp-exp1-55d487b85b-5g2xh', 'humidity': 20.0, 'temperature': 41.0, 'experiment': 1.0, 'time': 1522086923.501363}
{'device': 'gnfuv-temp-exp1-55d487b85b-5g2xh', 'humidity': 19.0, 'temperature': 40.0, 'experiment': 1.0, 'time': 1522086930.142721}
{'device': 'gnfuv-temp-exp1-55d487b85b-5g2xh', 'humidity': 20.0, 'temperature': 41.0, 'experiment': 1.0, 'time': 1522086936.78256}
{'device': 'gnfuv-temp-exp1-55d487b85b-5g2xh', 'humidity': 19.0, 'temperature': 40.0, 'experiment': 1.0, 'time': 1522086943.021225}
{'device': 'gnfuv-temp-exp1-55d487b85b-5g2xh', 'humidity': 19.0, 'temperature': 40.0, 'experiment': 1.0, 'time': 1522086949.262026}
{'device': 'gnfuv-temp-exp1-55d487b85b-5g2xh', 'humidity': 20.0, 'temperature': 40.0, 'experiment': 1.0, 'time': 1522086955.504638}
{'device': 'gnfuv-temp-exp1-55d487b85b-5g2xh', 'humidity': 20.0, 'temperature': 40.0, 'experiment': 1.0, 'time': 1522086961.742363}
{'device': 'gnfuv-temp-exp1-55d487b85b-5g2xh', 'humidity': 20.0, 'temperature': 40.0, 'experiment': 1.0, 'time': 1522086970.509791}
{'device': 'gnfuv-temp-exp1-55d487b85b-5g2xh', 'humidity': 20.0, 'temperature': 40.0, 'experiment': 1.0, 'time': 1522086976.749123}
{'device': 'gnfuv-temp-exp1-55d487b85b-5g2xh', 'humidity': 20.0, 'temperature': 40.0, 'experiment': 1.0, 'time': 1522086980.301116}
{'device': 'gnfuv-temp-exp1-55d487b85b-5g2xh', 'humidity': 20.0, 'temperature': 40.0, 'experiment': 1.0, 'time': 1522086986.94232}
{'device': 'gnfuv-temp-exp1-55d487b85b-5g2xh', 'humidity': 21.0, 'temperature': 39.0, 'experiment': 1.0, 'time': 1522086998.638544}
{'device': 'gnfuv-temp-exp1-55d487b85b-5g2xh', 'humidity': 21.0, 'temperature': 39.0, 'experiment': 1.0, 'time': 1522087002.781436}
{'device': 'gnfuv-temp-exp1-55d487b85b-5g2xh', 'humidity': 21.0, 'temperature': 39.0, 'experiment': 1.0, 'time': 1522087009.423671}
{'device': 'gnfuv-temp-exp1-55d487b85b-5g2xh', 'humidity': 21.0, 'temperature': 39.0, 'experiment': 1.0, 'time': 1522087021.116575}
{'device': 'gnfuv-temp-exp1-55d487b85b-5g2xh', 'humidity': 21.0, 'temperature': 39.0, 'experiment': 1.0, 'time': 1522087025.259421}
{'device': 'gnfuv-temp-exp1-55d487b85b-5g2xh', 'humidity': 21.0, 'temperature': 39.0, 'experiment': 1.0, 'time': 1522087031.90213}
{'device': 'gnfuv-temp-exp1-55d487b85b-5g2xh', 'humidity': 22.0, 'temperature': 39.0, 'experiment': 1.0, 'time': 1522087038.543099}
{'device': 'gnfuv-temp-exp1-55d487b85b-5g2xh', 'humidity': 22.0, 'temperature': 39.0, 'experiment': 1.0, 'time': 1522087045.181335}
{'device': 'gnfuv-temp-exp1-55d487b85b-5g2xh', 'humidity': 22.0, 'temperature': 39.0, 'experiment': 1.0, 'time': 1522087051.821443}
{'device': 'gnfuv-temp-exp1-55d487b85b-5g2xh', 'humidity': 22.0, 'temperature': 39.0, 'experiment': 1.0, 'time': 1522087058.462415}
{'device': 'gnfuv-temp-exp1-55d487b85b-5g2xh', 'humidity': 23.0, 'temperature': 39.0, 'experiment': 1.0, 'time': 1522087065.103214}
{'device': 'gnfuv-temp-exp1-55d487b85b-5g2xh', 'humidity': 22.0, 'temperature': 38.0, 'experiment': 1.0, 'time': 1522087071.742106}
{'device': 'gnfuv-temp-exp1-55d487b85b-5g2xh', 'humidity': 22.0, 'temperature': 38.0, 'experiment': 1.0, 'time': 1522087078.381332}
{'device': 'gnfuv-temp-exp1-55d487b85b-5g2xh', 'humidity': 23.0, 'temperature': 38.0, 'experiment': 1.0, 'time': 1522087085.019485}
{'device': 'gnfuv-temp-exp1-55d487b85b-5g2xh', 'humidity': 23.0, 'temperature': 38.0, 'experiment': 1.0, 'time': 1522087099.245267}
{'device': 'gnfuv-temp-exp1-55d487b85b-5g2xh', 'humidity': 24.0, 'temperature': 38.0, 'experiment': 1.0, 'time': 1522087108.434667}
{'device': 'gnfuv-temp-exp1-55d487b85b-5g2xh', 'humidity': 24.0, 'temperature': 38.0, 'experiment': 1.0, 'time': 1522087112.542567}
{'device': 'gnfuv-temp-exp1-55d487b85b-5g2xh', 'humidity': 23.0, 'temperature': 37.0, 'experiment': 1.0, 'time': 1522087119.18365}
{'device': 'gnfuv-temp-exp1-55d487b85b-5g2xh', 'humidity': 23.0, 'temperature': 37.0, 'experiment': 1.0, 'time': 1522087125.821416}
{'device': 'gnfuv-temp-exp1-55d487b85b-5g2xh', 'humidity': 24.0, 'temperature': 37.0, 'experiment': 1.0, 'time': 1522087132.461407}
{'device': 'gnfuv-temp-exp1-55d487b85b-5g2xh', 'humidity': 24.0, 'temperature': 37.0, 'experiment': 1.0, 'time': 1522087144.16183}
{'device': 'gnfuv-temp-exp1-55d487b85b-5g2xh', 'humidity': 24.0, 'temperature': 37.0, 'experiment': 1.0, 'time': 1522087148.303553}
{'device': 'gnfuv-temp-exp1-55d487b85b-5g2xh', 'humidity': 25.0, 'temperature': 37.0, 'experiment': 1.0, 'time': 1522087154.943424}
{'device': 'gnfuv-temp-exp1-55d487b85b-5g2xh', 'humidity': 26.0, 'temperature': 36.0, 'experiment': 1.0, 'time': 1522087169.164125}
{'device': 'gnfuv-temp-exp1-55d487b85b-5g2xh', 'humidity': 26.0, 'temperature': 36.0, 'experiment': 1.0, 'time': 1522087173.903059}
{'device': 'gnfuv-temp-exp1-55d487b85b-5g2xh', 'humidity': 26.0, 'temperature': 36.0, 'experiment': 1.0, 'time': 1522087183.069316}
{'device': 'gnfuv-temp-exp1-55d487b85b-5g2xh', 'humidity': 27.0, 'temperature': 36.0, 'experiment': 1.0, 'time': 1522087192.266229}
{'device': 'gnfuv-temp-exp1-55d487b85b-5g2xh', 'humidity': 26.0, 'temperature': 35.0, 'experiment': 1.0, 'time': 1522087201.47103}
{'device': 'gnfuv-temp-exp1-55d487b85b-5g2xh', 'humidity': 27.0, 'temperature': 35.0, 'experiment': 1.0, 'time': 1522087208.14162}
{'device': 'gnfuv-temp-exp1-55d487b85b-5g2xh', 'humidity': 27.0, 'temperature': 35.0, 'experiment': 1.0, 'time': 1522087214.782279}
{'device': 'gnfuv-temp-exp1-55d487b85b-5g2xh', 'humidity': 28.0, 'temperature': 35.0, 'experiment': 1.0, 'time': 1522087223.95186}
{'device': 'gnfuv-temp-exp1-55d487b85b-5g2xh', 'humidity': 28.0, 'temperature': 35.0, 'experiment': 1.0, 'time': 1522087228.063227}
{'device': 'gnfuv-temp-exp1-55d487b85b-5g2xh', 'humidity': 28.0, 'temperature': 35.0, 'experiment': 1.0, 'time': 1522087234.70265}
{'device': 'gnfuv-temp-exp1-55d487b85b-5g2xh', 'humidity': 29.0, 'temperature': 34.0, 'experiment': 1.0, 'time': 1522087241.343436}
{'device': 'gnfuv-temp-exp1-55d487b85b-5g2xh', 'humidity': 29.0, 'temperature': 34.0, 'experiment': 1.0, 'time': 1522087247.983538}
{'device': 'gnfuv-temp-exp1-55d487b85b-5g2xh', 'humidity': 30.0, 'temperature': 34.0, 'experiment': 1.0, 'time': 1522087259.678761}
{'device': 'gnfuv-temp-exp1-55d487b85b-5g2xh', 'humidity': 30.0, 'temperature': 34.0, 'experiment': 1.0, 'time': 1522087263.822587}
{'device': 'gnfuv-temp-exp1-55d487b85b-5g2xh', 'humidity': 30.0, 'temperature': 34.0, 'experiment': 1.0, 'time': 1522087270.463382}
{'device': 'gnfuv-temp-exp1-55d487b85b-5g2xh', 'humidity': 31.0, 'temperature': 34.0, 'experiment': 1.0, 'time': 1522087277.103623}
{'device': 'gnfuv-temp-exp1-55d487b85b-5g2xh', 'humidity': 31.0, 'temperature': 33.0, 'experiment': 1.0, 'time': 1522087286.266001}
