{'device': 'gnfuv-temp-exp1-55d487b85b-xcl97', 'humidity': 59.0, 'temperature': 20.0, 'experiment': 1.0, 'time': 1522081647.938131}
{'device': 'gnfuv-temp-exp1-55d487b85b-xcl97', 'humidity': 58.0, 'temperature': 21.0, 'experiment': 1.0, 'time': 1522081652.676254}
{'device': 'gnfuv-temp-exp1-55d487b85b-xcl97', 'humidity': 57.0, 'temperature': 21.0, 'experiment': 1.0, 'time': 1522081659.938705}
{'device': 'gnfuv-temp-exp1-55d487b85b-xcl97', 'humidity': 57.0, 'temperature': 21.0, 'experiment': 1.0, 'time': 1522081667.217087}
{'device': 'gnfuv-temp-exp1-55d487b85b-xcl97', 'humidity': 57.0, 'temperature': 21.0, 'experiment': 1.0, 'time': 1522081671.977707}
{'device': 'gnfuv-temp-exp1-55d487b85b-xcl97', 'humidity': 57.0, 'temperature': 21.0, 'experiment': 1.0, 'time': 1522081676.739325}
{'device': 'gnfuv-temp-exp1-55d487b85b-xcl97', 'humidity': 57.0, 'temperature': 21.0, 'experiment': 1.0, 'time': 1522081681.50218}
{'device': 'gnfuv-temp-exp1-55d487b85b-xcl97', 'humidity': 57.0, 'temperature': 21.0, 'experiment': 1.0, 'time': 1522081686.321927}
{'device': 'gnfuv-temp-exp1-55d487b85b-xcl97', 'humidity': 56.0, 'temperature': 21.0, 'experiment': 1.0, 'time': 1522081691.780018}
{'device': 'gnfuv-temp-exp1-55d487b85b-xcl97', 'humidity': 56.0, 'temperature': 21.0, 'experiment': 1.0, 'time': 1522081699.151873}
{'device': 'gnfuv-temp-exp1-55d487b85b-xcl97', 'humidity': 58.0, 'temperature': 22.0, 'experiment': 1.0, 'time': 1522081703.913439}
{'device': 'gnfuv-temp-exp1-55d487b85b-xcl97', 'humidity': 57.0, 'temperature': 22.0, 'experiment': 1.0, 'time': 1522081708.701921}
{'device': 'gnfuv-temp-exp1-55d487b85b-xcl97', 'humidity': 57.0, 'temperature': 22.0, 'experiment': 1.0, 'time': 1522081713.446642}
{'device': 'gnfuv-temp-exp1-55d487b85b-xcl97', 'humidity': 57.0, 'temperature': 22.0, 'experiment': 1.0, 'time': 1522081718.742744}
{'device': 'gnfuv-temp-exp1-55d487b85b-xcl97', 'humidity': 57.0, 'temperature': 22.0, 'experiment': 1.0, 'time': 1522081723.504529}
{'device': 'gnfuv-temp-exp1-55d487b85b-xcl97', 'humidity': 57.0, 'temperature': 22.0, 'experiment': 1.0, 'time': 1522081728.264691}
{'device': 'gnfuv-temp-exp1-55d487b85b-xcl97', 'humidity': 57.0, 'temperature': 22.0, 'experiment': 1.0, 'time': 1522081735.515964}
{'device': 'gnfuv-temp-exp1-55d487b85b-xcl97', 'humidity': 57.0, 'temperature': 22.0, 'experiment': 1.0, 'time': 1522081740.290831}
{'device': 'gnfuv-temp-exp1-55d487b85b-xcl97', 'humidity': 57.0, 'temperature': 22.0, 'experiment': 1.0, 'time': 1522081745.047075}
{'device': 'gnfuv-temp-exp1-55d487b85b-xcl97', 'humidity': 57.0, 'temperature': 22.0, 'experiment': 1.0, 'time': 1522081749.804344}
{'device': 'gnfuv-temp-exp1-55d487b85b-xcl97', 'humidity': 56.0, 'temperature': 22.0, 'experiment': 1.0, 'time': 1522081754.615776}
{'device': 'gnfuv-temp-exp1-55d487b85b-xcl97', 'humidity': 57.0, 'temperature': 22.0, 'experiment': 1.0, 'time': 1522081759.53131}
{'device': 'gnfuv-temp-exp1-55d487b85b-xcl97', 'humidity': 57.0, 'temperature': 22.0, 'experiment': 1.0, 'time': 1522081764.315981}
{'device': 'gnfuv-temp-exp1-55d487b85b-xcl97', 'humidity': 56.0, 'temperature': 22.0, 'experiment': 1.0, 'time': 1522081769.07022}
{'device': 'gnfuv-temp-exp1-55d487b85b-xcl97', 'humidity': 57.0, 'temperature': 22.0, 'experiment': 1.0, 'time': 1522081778.856707}
{'device': 'gnfuv-temp-exp1-55d487b85b-xcl97', 'humidity': 56.0, 'temperature': 22.0, 'experiment': 1.0, 'time': 1522081783.638562}
{'device': 'gnfuv-temp-exp1-55d487b85b-xcl97', 'humidity': 56.0, 'temperature': 22.0, 'experiment': 1.0, 'time': 1522081790.916952}
{'device': 'gnfuv-temp-exp1-55d487b85b-xcl97', 'humidity': 56.0, 'temperature': 22.0, 'experiment': 1.0, 'time': 1522081798.212337}
{'device': 'gnfuv-temp-exp1-55d487b85b-xcl97', 'humidity': 56.0, 'temperature': 22.0, 'experiment': 1.0, 'time': 1522081803.228185}
{'device': 'gnfuv-temp-exp1-55d487b85b-xcl97', 'humidity': 56.0, 'temperature': 23.0, 'experiment': 1.0, 'time': 1522081808.033979}
{'device': 'gnfuv-temp-exp1-55d487b85b-xcl97', 'humidity': 56.0, 'temperature': 23.0, 'experiment': 1.0, 'time': 1522081812.803351}
{'device': 'gnfuv-temp-exp1-55d487b85b-xcl97', 'humidity': 55.0, 'temperature': 23.0, 'experiment': 1.0, 'time': 1522081820.106707}
{'device': 'gnfuv-temp-exp1-55d487b85b-xcl97', 'humidity': 55.0, 'temperature': 23.0, 'experiment': 1.0, 'time': 1522081829.907729}
{'device': 'gnfuv-temp-exp1-55d487b85b-xcl97', 'humidity': 55.0, 'temperature': 23.0, 'experiment': 1.0, 'time': 1522081834.647716}
{'device': 'gnfuv-temp-exp1-55d487b85b-xcl97', 'humidity': 55.0, 'temperature': 23.0, 'experiment': 1.0, 'time': 1522081839.473603}
{'device': 'gnfuv-temp-exp1-55d487b85b-xcl97', 'humidity': 55.0, 'temperature': 23.0, 'experiment': 1.0, 'time': 1522081844.481448}
{'device': 'gnfuv-temp-exp1-55d487b85b-xcl97', 'humidity': 55.0, 'temperature': 23.0, 'experiment': 1.0, 'time': 1522081849.234826}
{'device': 'gnfuv-temp-exp1-55d487b85b-xcl97', 'humidity': 54.0, 'temperature': 23.0, 'experiment': 1.0, 'time': 1522081853.961812}
{'device': 'gnfuv-temp-exp1-55d487b85b-xcl97', 'humidity': 54.0, 'temperature': 23.0, 'experiment': 1.0, 'time': 1522081858.724709}
{'device': 'gnfuv-temp-exp1-55d487b85b-xcl97', 'humidity': 54.0, 'temperature': 23.0, 'experiment': 1.0, 'time': 1522081867.406107}
{'device': 'gnfuv-temp-exp1-55d487b85b-xcl97', 'humidity': 54.0, 'temperature': 23.0, 'experiment': 1.0, 'time': 1522081872.183647}
{'device': 'gnfuv-temp-exp1-55d487b85b-xcl97', 'humidity': 54.0, 'temperature': 23.0, 'experiment': 1.0, 'time': 1522081876.919005}
{'device': 'gnfuv-temp-exp1-55d487b85b-xcl97', 'humidity': 53.0, 'temperature': 23.0, 'experiment': 1.0, 'time': 1522081881.667194}
{'device': 'gnfuv-temp-exp1-55d487b85b-xcl97', 'humidity': 53.0, 'temperature': 23.0, 'experiment': 1.0, 'time': 1522081886.401834}
{'device': 'gnfuv-temp-exp1-55d487b85b-xcl97', 'humidity': 53.0, 'temperature': 24.0, 'experiment': 1.0, 'time': 1522081898.967523}
{'device': 'gnfuv-temp-exp1-55d487b85b-xcl97', 'humidity': 53.0, 'temperature': 24.0, 'experiment': 1.0, 'time': 1522081903.74667}
{'device': 'gnfuv-temp-exp1-55d487b85b-xcl97', 'humidity': 53.0, 'temperature': 24.0, 'experiment': 1.0, 'time': 1522081908.497752}
{'device': 'gnfuv-temp-exp1-55d487b85b-xcl97', 'humidity': 53.0, 'temperature': 24.0, 'experiment': 1.0, 'time': 1522081913.257505}
{'device': 'gnfuv-temp-exp1-55d487b85b-xcl97', 'humidity': 53.0, 'temperature': 24.0, 'experiment': 1.0, 'time': 1522081918.07696}
{'device': 'gnfuv-temp-exp1-55d487b85b-xcl97', 'humidity': 52.0, 'temperature': 24.0, 'experiment': 1.0, 'time': 1522081923.264431}
{'device': 'gnfuv-temp-exp1-55d487b85b-xcl97', 'humidity': 52.0, 'temperature': 24.0, 'experiment': 1.0, 'time': 1522081928.50058}
{'device': 'gnfuv-temp-exp1-55d487b85b-xcl97', 'humidity': 52.0, 'temperature': 24.0, 'experiment': 1.0, 'time': 1522081934.303907}
{'device': 'gnfuv-temp-exp1-55d487b85b-xcl97', 'humidity': 52.0, 'temperature': 24.0, 'experiment': 1.0, 'time': 1522081943.46315}
{'device': 'gnfuv-temp-exp1-55d487b85b-xcl97', 'humidity': 52.0, 'temperature': 24.0, 'experiment': 1.0, 'time': 1522081954.194237}
{'device': 'gnfuv-temp-exp1-55d487b85b-xcl97', 'humidity': 52.0, 'temperature': 24.0, 'experiment': 1.0, 'time': 1522081964.203068}
{'device': 'gnfuv-temp-exp1-55d487b85b-xcl97', 'humidity': 51.0, 'temperature': 24.0, 'experiment': 1.0, 'time': 1522081975.11557}
{'device': 'gnfuv-temp-exp1-55d487b85b-xcl97', 'humidity': 51.0, 'temperature': 24.0, 'experiment': 1.0, 'time': 1522081983.240243}
{'device': 'gnfuv-temp-exp1-55d487b85b-xcl97', 'humidity': 51.0, 'temperature': 24.0, 'experiment': 1.0, 'time': 1522081994.219198}
{'device': 'gnfuv-temp-exp1-55d487b85b-xcl97', 'humidity': 51.0, 'temperature': 24.0, 'experiment': 1.0, 'time': 1522082001.033919}
{'device': 'gnfuv-temp-exp1-55d487b85b-xcl97', 'humidity': 51.0, 'temperature': 24.0, 'experiment': 1.0, 'time': 1522082006.648875}
{'device': 'gnfuv-temp-exp1-55d487b85b-xcl97', 'humidity': 51.0, 'temperature': 24.0, 'experiment': 1.0, 'time': 1522082020.929917}
{'device': 'gnfuv-temp-exp1-55d487b85b-xcl97', 'humidity': 50.0, 'temperature': 24.0, 'experiment': 1.0, 'time': 1522082025.729801}
{'device': 'gnfuv-temp-exp1-55d487b85b-xcl97', 'humidity': 51.0, 'temperature': 24.0, 'experiment': 1.0, 'time': 1522082030.632573}
{'device': 'gnfuv-temp-exp1-55d487b85b-xcl97', 'humidity': 50.0, 'temperature': 24.0, 'experiment': 1.0, 'time': 1522082037.090381}
{'device': 'gnfuv-temp-exp1-55d487b85b-xcl97', 'humidity': 51.0, 'temperature': 25.0, 'experiment': 1.0, 'time': 1522082043.599831}
{'device': 'gnfuv-temp-exp1-55d487b85b-xcl97', 'humidity': 50.0, 'temperature': 25.0, 'experiment': 1.0, 'time': 1522082054.014886}
{'device': 'gnfuv-temp-exp1-55d487b85b-xcl97', 'humidity': 50.0, 'temperature': 25.0, 'experiment': 1.0, 'time': 1522082062.181009}
{'device': 'gnfuv-temp-exp1-55d487b85b-xcl97', 'humidity': 50.0, 'temperature': 25.0, 'experiment': 1.0, 'time': 1522082069.813527}
{'device': 'gnfuv-temp-exp1-55d487b85b-xcl97', 'humidity': 50.0, 'temperature': 25.0, 'experiment': 1.0, 'time': 1522082077.166139}
{'device': 'gnfuv-temp-exp1-55d487b85b-xcl97', 'humidity': 50.0, 'temperature': 25.0, 'experiment': 1.0, 'time': 1522082084.448089}
{'device': 'gnfuv-temp-exp1-55d487b85b-xcl97', 'humidity': 50.0, 'temperature': 25.0, 'experiment': 1.0, 'time': 1522082089.173366}
{'device': 'gnfuv-temp-exp1-55d487b85b-xcl97', 'humidity': 50.0, 'temperature': 25.0, 'experiment': 1.0, 'time': 1522082098.938377}
{'device': 'gnfuv-temp-exp1-55d487b85b-xcl97', 'humidity': 50.0, 'temperature': 25.0, 'experiment': 1.0, 'time': 1522082103.739685}
{'device': 'gnfuv-temp-exp1-55d487b85b-xcl97', 'humidity': 50.0, 'temperature': 25.0, 'experiment': 1.0, 'time': 1522082109.364708}
{'device': 'gnfuv-temp-exp1-55d487b85b-xcl97', 'humidity': 50.0, 'temperature': 25.0, 'experiment': 1.0, 'time': 1522082117.254492}
{'device': 'gnfuv-temp-exp1-55d487b85b-xcl97', 'humidity': 50.0, 'temperature': 25.0, 'experiment': 1.0, 'time': 1522082122.103562}
{'device': 'gnfuv-temp-exp1-55d487b85b-xcl97', 'humidity': 50.0, 'temperature': 25.0, 'experiment': 1.0, 'time': 1522082137.867258}
{'device': 'gnfuv-temp-exp1-55d487b85b-xcl97', 'humidity': 49.0, 'temperature': 25.0, 'experiment': 1.0, 'time': 1522082145.216968}
{'device': 'gnfuv-temp-exp1-55d487b85b-xcl97', 'humidity': 50.0, 'temperature': 25.0, 'experiment': 1.0, 'time': 1522082150.015048}
{'device': 'gnfuv-temp-exp1-55d487b85b-xcl97', 'humidity': 49.0, 'temperature': 25.0, 'experiment': 1.0, 'time': 1522082154.800273}
{'device': 'gnfuv-temp-exp1-55d487b85b-xcl97', 'humidity': 49.0, 'temperature': 25.0, 'experiment': 1.0, 'time': 1522082159.560093}
{'device': 'gnfuv-temp-exp1-55d487b85b-xcl97', 'humidity': 49.0, 'temperature': 25.0, 'experiment': 1.0, 'time': 1522082164.351875}
{'device': 'gnfuv-temp-exp1-55d487b85b-xcl97', 'humidity': 49.0, 'temperature': 25.0, 'experiment': 1.0, 'time': 1522082169.805545}
{'device': 'gnfuv-temp-exp1-55d487b85b-xcl97', 'humidity': 49.0, 'temperature': 25.0, 'experiment': 1.0, 'time': 1522082181.131473}
{'device': 'gnfuv-temp-exp1-55d487b85b-xcl97', 'humidity': 49.0, 'temperature': 25.0, 'experiment': 1.0, 'time': 1522082190.743331}
{'device': 'gnfuv-temp-exp1-55d487b85b-xcl97', 'humidity': 49.0, 'temperature': 25.0, 'experiment': 1.0, 'time': 1522082201.559473}
{'device': 'gnfuv-temp-exp1-55d487b85b-xcl97', 'humidity': 50.0, 'temperature': 26.0, 'experiment': 1.0, 'time': 1522082214.132266}
{'device': 'gnfuv-temp-exp1-55d487b85b-xcl97', 'humidity': 49.0, 'temperature': 25.0, 'experiment': 1.0, 'time': 1522082219.806375}
{'device': 'gnfuv-temp-exp1-55d487b85b-xcl97', 'humidity': 49.0, 'temperature': 25.0, 'experiment': 1.0, 'time': 1522082225.50132}
{'device': 'gnfuv-temp-exp1-55d487b85b-xcl97', 'humidity': 49.0, 'temperature': 25.0, 'experiment': 1.0, 'time': 1522082231.291679}
{'device': 'gnfuv-temp-exp1-55d487b85b-xcl97', 'humidity': 49.0, 'temperature': 25.0, 'experiment': 1.0, 'time': 1522082238.853186}
{'device': 'gnfuv-temp-exp1-55d487b85b-xcl97', 'humidity': 49.0, 'temperature': 25.0, 'experiment': 1.0, 'time': 1522082250.167194}
{'device': 'gnfuv-temp-exp1-55d487b85b-xcl97', 'humidity': 50.0, 'temperature': 26.0, 'experiment': 1.0, 'time': 1522082255.65656}
{'device': 'gnfuv-temp-exp1-55d487b85b-xcl97', 'humidity': 49.0, 'temperature': 25.0, 'experiment': 1.0, 'time': 1522082265.440654}
{'device': 'gnfuv-temp-exp1-55d487b85b-xcl97', 'humidity': 50.0, 'temperature': 26.0, 'experiment': 1.0, 'time': 1522082272.785221}
{'device': 'gnfuv-temp-exp1-55d487b85b-xcl97', 'humidity': 48.0, 'temperature': 25.0, 'experiment': 1.0, 'time': 1522082277.570397}
{'device': 'gnfuv-temp-exp1-55d487b85b-xcl97', 'humidity': 49.0, 'temperature': 26.0, 'experiment': 1.0, 'time': 1522082282.367959}
{'device': 'gnfuv-temp-exp1-55d487b85b-xcl97', 'humidity': 49.0, 'temperature': 26.0, 'experiment': 1.0, 'time': 1522082287.589319}
{'device': 'gnfuv-temp-exp1-55d487b85b-xcl97', 'humidity': 49.0, 'temperature': 26.0, 'experiment': 1.0, 'time': 1522082294.857908}
{'device': 'gnfuv-temp-exp1-55d487b85b-xcl97', 'humidity': 49.0, 'temperature': 26.0, 'experiment': 1.0, 'time': 1522082299.595642}
{'device': 'gnfuv-temp-exp1-55d487b85b-xcl97', 'humidity': 49.0, 'temperature': 26.0, 'experiment': 1.0, 'time': 1522082306.883307}
{'device': 'gnfuv-temp-exp1-55d487b85b-xcl97', 'humidity': 49.0, 'temperature': 26.0, 'experiment': 1.0, 'time': 1522082314.1529}
{'device': 'gnfuv-temp-exp1-55d487b85b-xcl97', 'humidity': 49.0, 'temperature': 26.0, 'experiment': 1.0, 'time': 1522082318.918496}
{'device': 'gnfuv-temp-exp1-55d487b85b-xcl97', 'humidity': 49.0, 'temperature': 26.0, 'experiment': 1.0, 'time': 1522082326.191647}
{'device': 'gnfuv-temp-exp1-55d487b85b-xcl97', 'humidity': 49.0, 'temperature': 26.0, 'experiment': 1.0, 'time': 1522082330.927927}
{'device': 'gnfuv-temp-exp1-55d487b85b-xcl97', 'humidity': 49.0, 'temperature': 26.0, 'experiment': 1.0, 'time': 1522082335.634579}
{'device': 'gnfuv-temp-exp1-55d487b85b-xcl97', 'humidity': 49.0, 'temperature': 26.0, 'experiment': 1.0, 'time': 1522082340.397271}
{'device': 'gnfuv-temp-exp1-55d487b85b-xcl97', 'humidity': 49.0, 'temperature': 26.0, 'experiment': 1.0, 'time': 1522082345.122298}
{'device': 'gnfuv-temp-exp1-55d487b85b-xcl97', 'humidity': 49.0, 'temperature': 26.0, 'experiment': 1.0, 'time': 1522082349.853409}
{'device': 'gnfuv-temp-exp1-55d487b85b-xcl97', 'humidity': 48.0, 'temperature': 26.0, 'experiment': 1.0, 'time': 1522082354.621487}
{'device': 'gnfuv-temp-exp1-55d487b85b-xcl97', 'humidity': 48.0, 'temperature': 26.0, 'experiment': 1.0, 'time': 1522082359.512112}
{'device': 'gnfuv-temp-exp1-55d487b85b-xcl97', 'humidity': 48.0, 'temperature': 26.0, 'experiment': 1.0, 'time': 1522082372.029791}
{'device': 'gnfuv-temp-exp1-55d487b85b-xcl97', 'humidity': 48.0, 'temperature': 26.0, 'experiment': 1.0, 'time': 1522082379.264079}
{'device': 'gnfuv-temp-exp1-55d487b85b-xcl97', 'humidity': 48.0, 'temperature': 26.0, 'experiment': 1.0, 'time': 1522082388.995376}
{'device': 'gnfuv-temp-exp1-55d487b85b-xcl97', 'humidity': 48.0, 'temperature': 26.0, 'experiment': 1.0, 'time': 1522082398.310536}
{'device': 'gnfuv-temp-exp1-55d487b85b-xcl97', 'humidity': 48.0, 'temperature': 26.0, 'experiment': 1.0, 'time': 1522082403.113268}
{'device': 'gnfuv-temp-exp1-55d487b85b-xcl97', 'humidity': 48.0, 'temperature': 27.0, 'experiment': 1.0, 'time': 1522082415.86824}
{'device': 'gnfuv-temp-exp1-55d487b85b-xcl97', 'humidity': 48.0, 'temperature': 27.0, 'experiment': 1.0, 'time': 1522082424.716409}
{'device': 'gnfuv-temp-exp1-55d487b85b-xcl97', 'humidity': 48.0, 'temperature': 27.0, 'experiment': 1.0, 'time': 1522082429.976353}
{'device': 'gnfuv-temp-exp1-55d487b85b-xcl97', 'humidity': 48.0, 'temperature': 27.0, 'experiment': 1.0, 'time': 1522082434.785737}
{'device': 'gnfuv-temp-exp1-55d487b85b-xcl97', 'humidity': 47.0, 'temperature': 27.0, 'experiment': 1.0, 'time': 1522082439.544217}
{'device': 'gnfuv-temp-exp1-55d487b85b-xcl97', 'humidity': 47.0, 'temperature': 27.0, 'experiment': 1.0, 'time': 1522082444.532344}
{'device': 'gnfuv-temp-exp1-55d487b85b-xcl97', 'humidity': 47.0, 'temperature': 27.0, 'experiment': 1.0, 'time': 1522082449.301683}
{'device': 'gnfuv-temp-exp1-55d487b85b-xcl97', 'humidity': 47.0, 'temperature': 27.0, 'experiment': 1.0, 'time': 1522082454.085864}
{'device': 'gnfuv-temp-exp1-55d487b85b-xcl97', 'humidity': 47.0, 'temperature': 27.0, 'experiment': 1.0, 'time': 1522082458.832197}
{'device': 'gnfuv-temp-exp1-55d487b85b-xcl97', 'humidity': 47.0, 'temperature': 27.0, 'experiment': 1.0, 'time': 1522082463.576745}
{'device': 'gnfuv-temp-exp1-55d487b85b-xcl97', 'humidity': 47.0, 'temperature': 27.0, 'experiment': 1.0, 'time': 1522082473.389365}
{'device': 'gnfuv-temp-exp1-55d487b85b-xcl97', 'humidity': 47.0, 'temperature': 27.0, 'experiment': 1.0, 'time': 1522082478.204725}
{'device': 'gnfuv-temp-exp1-55d487b85b-xcl97', 'humidity': 47.0, 'temperature': 27.0, 'experiment': 1.0, 'time': 1522082483.057375}
{'device': 'gnfuv-temp-exp1-55d487b85b-xcl97', 'humidity': 47.0, 'temperature': 27.0, 'experiment': 1.0, 'time': 1522082490.351098}
{'device': 'gnfuv-temp-exp1-55d487b85b-xcl97', 'humidity': 46.0, 'temperature': 27.0, 'experiment': 1.0, 'time': 1522082500.159585}
{'device': 'gnfuv-temp-exp1-55d487b85b-xcl97', 'humidity': 46.0, 'temperature': 27.0, 'experiment': 1.0, 'time': 1522082504.967369}
{'device': 'gnfuv-temp-exp1-55d487b85b-xcl97', 'humidity': 46.0, 'temperature': 27.0, 'experiment': 1.0, 'time': 1522082509.693532}
{'device': 'gnfuv-temp-exp1-55d487b85b-xcl97', 'humidity': 46.0, 'temperature': 27.0, 'experiment': 1.0, 'time': 1522082522.026339}
{'device': 'gnfuv-temp-exp1-55d487b85b-xcl97', 'humidity': 46.0, 'temperature': 27.0, 'experiment': 1.0, 'time': 1522082526.737892}
{'device': 'gnfuv-temp-exp1-55d487b85b-xcl97', 'humidity': 46.0, 'temperature': 27.0, 'experiment': 1.0, 'time': 1522082531.503498}
{'device': 'gnfuv-temp-exp1-55d487b85b-xcl97', 'humidity': 47.0, 'temperature': 28.0, 'experiment': 1.0, 'time': 1522082538.770743}
{'device': 'gnfuv-temp-exp1-55d487b85b-xcl97', 'humidity': 47.0, 'temperature': 28.0, 'experiment': 1.0, 'time': 1522082543.559661}
{'device': 'gnfuv-temp-exp1-55d487b85b-xcl97', 'humidity': 47.0, 'temperature': 28.0, 'experiment': 1.0, 'time': 1522082548.296425}
{'device': 'gnfuv-temp-exp1-55d487b85b-xcl97', 'humidity': 46.0, 'temperature': 28.0, 'experiment': 1.0, 'time': 1522082553.168474}
{'device': 'gnfuv-temp-exp1-55d487b85b-xcl97', 'humidity': 46.0, 'temperature': 28.0, 'experiment': 1.0, 'time': 1522082558.209458}
{'device': 'gnfuv-temp-exp1-55d487b85b-xcl97', 'humidity': 46.0, 'temperature': 28.0, 'experiment': 1.0, 'time': 1522082562.994772}
{'device': 'gnfuv-temp-exp1-55d487b85b-xcl97', 'humidity': 46.0, 'temperature': 28.0, 'experiment': 1.0, 'time': 1522082576.292282}
{'device': 'gnfuv-temp-exp1-55d487b85b-xcl97', 'humidity': 45.0, 'temperature': 27.0, 'experiment': 1.0, 'time': 1522082581.067324}
{'device': 'gnfuv-temp-exp1-55d487b85b-xcl97', 'humidity': 46.0, 'temperature': 28.0, 'experiment': 1.0, 'time': 1522082591.424403}
{'device': 'gnfuv-temp-exp1-55d487b85b-xcl97', 'humidity': 46.0, 'temperature': 28.0, 'experiment': 1.0, 'time': 1522082596.203679}
{'device': 'gnfuv-temp-exp1-55d487b85b-xcl97', 'humidity': 46.0, 'temperature': 28.0, 'experiment': 1.0, 'time': 1522082600.933693}
{'device': 'gnfuv-temp-exp1-55d487b85b-xcl97', 'humidity': 46.0, 'temperature': 28.0, 'experiment': 1.0, 'time': 1522082605.675216}
{'device': 'gnfuv-temp-exp1-55d487b85b-xcl97', 'humidity': 46.0, 'temperature': 28.0, 'experiment': 1.0, 'time': 1522082612.945696}
{'device': 'gnfuv-temp-exp1-55d487b85b-xcl97', 'humidity': 46.0, 'temperature': 28.0, 'experiment': 1.0, 'time': 1522082617.703671}
{'device': 'gnfuv-temp-exp1-55d487b85b-xcl97', 'humidity': 46.0, 'temperature': 28.0, 'experiment': 1.0, 'time': 1522082622.443635}
{'device': 'gnfuv-temp-exp1-55d487b85b-xcl97', 'humidity': 46.0, 'temperature': 28.0, 'experiment': 1.0, 'time': 1522082627.210132}
{'device': 'gnfuv-temp-exp1-55d487b85b-xcl97', 'humidity': 45.0, 'temperature': 28.0, 'experiment': 1.0, 'time': 1522082631.979442}
{'device': 'gnfuv-temp-exp1-55d487b85b-xcl97', 'humidity': 45.0, 'temperature': 28.0, 'experiment': 1.0, 'time': 1522082637.253683}
{'device': 'gnfuv-temp-exp1-55d487b85b-xcl97', 'humidity': 45.0, 'temperature': 28.0, 'experiment': 1.0, 'time': 1522082642.080804}
{'device': 'gnfuv-temp-exp1-55d487b85b-xcl97', 'humidity': 45.0, 'temperature': 28.0, 'experiment': 1.0, 'time': 1522082647.113544}
{'device': 'gnfuv-temp-exp1-55d487b85b-xcl97', 'humidity': 45.0, 'temperature': 28.0, 'experiment': 1.0, 'time': 1522082651.99113}
{'device': 'gnfuv-temp-exp1-55d487b85b-xcl97', 'humidity': 45.0, 'temperature': 28.0, 'experiment': 1.0, 'time': 1522082656.732872}
{'device': 'gnfuv-temp-exp1-55d487b85b-xcl97', 'humidity': 45.0, 'temperature': 28.0, 'experiment': 1.0, 'time': 1522082661.532014}
{'device': 'gnfuv-temp-exp1-55d487b85b-xcl97', 'humidity': 45.0, 'temperature': 28.0, 'experiment': 1.0, 'time': 1522082666.297329}
{'device': 'gnfuv-temp-exp1-55d487b85b-xcl97', 'humidity': 45.0, 'temperature': 28.0, 'experiment': 1.0, 'time': 1522082673.558575}
{'device': 'gnfuv-temp-exp1-55d487b85b-xcl97', 'humidity': 45.0, 'temperature': 28.0, 'experiment': 1.0, 'time': 1522082683.715867}
{'device': 'gnfuv-temp-exp1-55d487b85b-xcl97', 'humidity': 45.0, 'temperature': 28.0, 'experiment': 1.0, 'time': 1522082693.557923}
{'device': 'gnfuv-temp-exp1-55d487b85b-xcl97', 'humidity': 45.0, 'temperature': 28.0, 'experiment': 1.0, 'time': 1522082699.127381}
{'device': 'gnfuv-temp-exp1-55d487b85b-xcl97', 'humidity': 45.0, 'temperature': 28.0, 'experiment': 1.0, 'time': 1522082704.975805}
{'device': 'gnfuv-temp-exp1-55d487b85b-xcl97', 'humidity': 46.0, 'temperature': 29.0, 'experiment': 1.0, 'time': 1522082710.902009}
{'device': 'gnfuv-temp-exp1-55d487b85b-xcl97', 'humidity': 46.0, 'temperature': 29.0, 'experiment': 1.0, 'time': 1522082716.71853}
{'device': 'gnfuv-temp-exp1-55d487b85b-xcl97', 'humidity': 45.0, 'temperature': 28.0, 'experiment': 1.0, 'time': 1522082722.778984}
{'device': 'gnfuv-temp-exp1-55d487b85b-xcl97', 'humidity': 45.0, 'temperature': 28.0, 'experiment': 1.0, 'time': 1522082728.128548}
{'device': 'gnfuv-temp-exp1-55d487b85b-xcl97', 'humidity': 45.0, 'temperature': 28.0, 'experiment': 1.0, 'time': 1522082733.322611}
{'device': 'gnfuv-temp-exp1-55d487b85b-xcl97', 'humidity': 45.0, 'temperature': 29.0, 'experiment': 1.0, 'time': 1522082739.36249}
{'device': 'gnfuv-temp-exp1-55d487b85b-xcl97', 'humidity': 44.0, 'temperature': 28.0, 'experiment': 1.0, 'time': 1522082758.864421}
{'device': 'gnfuv-temp-exp1-55d487b85b-xcl97', 'humidity': 45.0, 'temperature': 29.0, 'experiment': 1.0, 'time': 1522082763.649879}
{'device': 'gnfuv-temp-exp1-55d487b85b-xcl97', 'humidity': 45.0, 'temperature': 29.0, 'experiment': 1.0, 'time': 1522082770.915762}
{'device': 'gnfuv-temp-exp1-55d487b85b-xcl97', 'humidity': 45.0, 'temperature': 29.0, 'experiment': 1.0, 'time': 1522082780.735571}
{'device': 'gnfuv-temp-exp1-55d487b85b-xcl97', 'humidity': 45.0, 'temperature': 29.0, 'experiment': 1.0, 'time': 1522082785.468322}
{'device': 'gnfuv-temp-exp1-55d487b85b-xcl97', 'humidity': 45.0, 'temperature': 29.0, 'experiment': 1.0, 'time': 1522082790.203536}
{'device': 'gnfuv-temp-exp1-55d487b85b-xcl97', 'humidity': 45.0, 'temperature': 29.0, 'experiment': 1.0, 'time': 1522082794.962795}
{'device': 'gnfuv-temp-exp1-55d487b85b-xcl97', 'humidity': 45.0, 'temperature': 29.0, 'experiment': 1.0, 'time': 1522082799.809088}
{'device': 'gnfuv-temp-exp1-55d487b85b-xcl97', 'humidity': 45.0, 'temperature': 29.0, 'experiment': 1.0, 'time': 1522082809.15671}
{'device': 'gnfuv-temp-exp1-55d487b85b-xcl97', 'humidity': 45.0, 'temperature': 29.0, 'experiment': 1.0, 'time': 1522082816.258902}
{'device': 'gnfuv-temp-exp1-55d487b85b-xcl97', 'humidity': 45.0, 'temperature': 29.0, 'experiment': 1.0, 'time': 1522082824.669679}
{'device': 'gnfuv-temp-exp1-55d487b85b-xcl97', 'humidity': 45.0, 'temperature': 29.0, 'experiment': 1.0, 'time': 1522082838.560035}
{'device': 'gnfuv-temp-exp1-55d487b85b-xcl97', 'humidity': 45.0, 'temperature': 29.0, 'experiment': 1.0, 'time': 1522082845.199741}
{'device': 'gnfuv-temp-exp1-55d487b85b-xcl97', 'humidity': 45.0, 'temperature': 29.0, 'experiment': 1.0, 'time': 1522082851.838148}
{'device': 'gnfuv-temp-exp1-55d487b85b-xcl97', 'humidity': 45.0, 'temperature': 29.0, 'experiment': 1.0, 'time': 1522082858.479401}
{'device': 'gnfuv-temp-exp1-55d487b85b-xcl97', 'humidity': 45.0, 'temperature': 29.0, 'experiment': 1.0, 'time': 1522082865.118869}
{'device': 'gnfuv-temp-exp1-55d487b85b-xcl97', 'humidity': 45.0, 'temperature': 29.0, 'experiment': 1.0, 'time': 1522082871.75975}
{'device': 'gnfuv-temp-exp1-55d487b85b-xcl97', 'humidity': 45.0, 'temperature': 29.0, 'experiment': 1.0, 'time': 1522082876.595796}
{'device': 'gnfuv-temp-exp1-55d487b85b-xcl97', 'humidity': 45.0, 'temperature': 29.0, 'experiment': 1.0, 'time': 1522082881.392699}
{'device': 'gnfuv-temp-exp1-55d487b85b-xcl97', 'humidity': 45.0, 'temperature': 29.0, 'experiment': 1.0, 'time': 1522082906.138553}
{'device': 'gnfuv-temp-exp1-55d487b85b-xcl97', 'humidity': 44.0, 'temperature': 29.0, 'experiment': 1.0, 'time': 1522082911.876374}
{'device': 'gnfuv-temp-exp1-55d487b85b-xcl97', 'humidity': 44.0, 'temperature': 29.0, 'experiment': 1.0, 'time': 1522082922.629456}
{'device': 'gnfuv-temp-exp1-55d487b85b-xcl97', 'humidity': 44.0, 'temperature': 29.0, 'experiment': 1.0, 'time': 1522082956.212217}
{'device': 'gnfuv-temp-exp1-55d487b85b-xcl97', 'humidity': 44.0, 'temperature': 29.0, 'experiment': 1.0, 'time': 1522082970.079191}
{'device': 'gnfuv-temp-exp1-55d487b85b-xcl97', 'humidity': 44.0, 'temperature': 30.0, 'experiment': 1.0, 'time': 1522082974.319414}
{'device': 'gnfuv-temp-exp1-55d487b85b-xcl97', 'humidity': 44.0, 'temperature': 30.0, 'experiment': 1.0, 'time': 1522082980.959233}
{'device': 'gnfuv-temp-exp1-55d487b85b-xcl97', 'humidity': 44.0, 'temperature': 30.0, 'experiment': 1.0, 'time': 1522082987.599252}
{'device': 'gnfuv-temp-exp1-55d487b85b-xcl97', 'humidity': 43.0, 'temperature': 30.0, 'experiment': 1.0, 'time': 1522082994.237207}
{'device': 'gnfuv-temp-exp1-55d487b85b-xcl97', 'humidity': 43.0, 'temperature': 30.0, 'experiment': 1.0, 'time': 1522083003.407413}
{'device': 'gnfuv-temp-exp1-55d487b85b-xcl97', 'humidity': 43.0, 'temperature': 30.0, 'experiment': 1.0, 'time': 1522083010.079468}
{'device': 'gnfuv-temp-exp1-55d487b85b-xcl97', 'humidity': 43.0, 'temperature': 30.0, 'experiment': 1.0, 'time': 1522083016.7185}
{'device': 'gnfuv-temp-exp1-55d487b85b-xcl97', 'humidity': 43.0, 'temperature': 30.0, 'experiment': 1.0, 'time': 1522083023.356046}
{'device': 'gnfuv-temp-exp1-55d487b85b-xcl97', 'humidity': 43.0, 'temperature': 30.0, 'experiment': 1.0, 'time': 1522083029.998637}
{'device': 'gnfuv-temp-exp1-55d487b85b-xcl97', 'humidity': 43.0, 'temperature': 30.0, 'experiment': 1.0, 'time': 1522083036.638695}
{'device': 'gnfuv-temp-exp1-55d487b85b-xcl97', 'humidity': 42.0, 'temperature': 30.0, 'experiment': 1.0, 'time': 1522083045.817221}
{'device': 'gnfuv-temp-exp1-55d487b85b-xcl97', 'humidity': 42.0, 'temperature': 30.0, 'experiment': 1.0, 'time': 1522083052.477252}
{'device': 'gnfuv-temp-exp1-55d487b85b-xcl97', 'humidity': 41.0, 'temperature': 30.0, 'experiment': 1.0, 'time': 1522083059.19926}
{'device': 'gnfuv-temp-exp1-55d487b85b-xcl97', 'humidity': 41.0, 'temperature': 30.0, 'experiment': 1.0, 'time': 1522083065.839614}
{'device': 'gnfuv-temp-exp1-55d487b85b-xcl97', 'humidity': 42.0, 'temperature': 31.0, 'experiment': 1.0, 'time': 1522083072.474494}
{'device': 'gnfuv-temp-exp1-55d487b85b-xcl97', 'humidity': 42.0, 'temperature': 31.0, 'experiment': 1.0, 'time': 1522083079.119413}
{'device': 'gnfuv-temp-exp1-55d487b85b-xcl97', 'humidity': 41.0, 'temperature': 31.0, 'experiment': 1.0, 'time': 1522083085.758023}
{'device': 'gnfuv-temp-exp1-55d487b85b-xcl97', 'humidity': 40.0, 'temperature': 31.0, 'experiment': 1.0, 'time': 1522083094.9271}
{'device': 'gnfuv-temp-exp1-55d487b85b-xcl97', 'humidity': 40.0, 'temperature': 31.0, 'experiment': 1.0, 'time': 1522083101.59754}
{'device': 'gnfuv-temp-exp1-55d487b85b-xcl97', 'humidity': 40.0, 'temperature': 31.0, 'experiment': 1.0, 'time': 1522083108.238652}
{'device': 'gnfuv-temp-exp1-55d487b85b-xcl97', 'humidity': 40.0, 'temperature': 31.0, 'experiment': 1.0, 'time': 1522083114.877998}
{'device': 'gnfuv-temp-exp1-55d487b85b-xcl97', 'humidity': 40.0, 'temperature': 31.0, 'experiment': 1.0, 'time': 1522083136.878316}
{'device': 'gnfuv-temp-exp1-55d487b85b-xcl97', 'humidity': 39.0, 'temperature': 31.0, 'experiment': 1.0, 'time': 1522083143.519538}
{'device': 'gnfuv-temp-exp1-55d487b85b-xcl97', 'humidity': 39.0, 'temperature': 31.0, 'experiment': 1.0, 'time': 1522083177.111764}
{'device': 'gnfuv-temp-exp1-55d487b85b-xcl97', 'humidity': 39.0, 'temperature': 31.0, 'experiment': 1.0, 'time': 1522083200.19279}
{'device': 'gnfuv-temp-exp1-55d487b85b-xcl97', 'humidity': 38.0, 'temperature': 31.0, 'experiment': 1.0, 'time': 1522083208.763559}
{'device': 'gnfuv-temp-exp1-55d487b85b-xcl97', 'humidity': 38.0, 'temperature': 31.0, 'experiment': 1.0, 'time': 1522083218.230537}
{'device': 'gnfuv-temp-exp1-55d487b85b-xcl97', 'humidity': 38.0, 'temperature': 31.0, 'experiment': 1.0, 'time': 1522083222.978862}
{'device': 'gnfuv-temp-exp1-55d487b85b-xcl97', 'humidity': 38.0, 'temperature': 31.0, 'experiment': 1.0, 'time': 1522083232.012081}
{'device': 'gnfuv-temp-exp1-55d487b85b-xcl97', 'humidity': 38.0, 'temperature': 31.0, 'experiment': 1.0, 'time': 1522083236.784014}
{'device': 'gnfuv-temp-exp1-55d487b85b-xcl97', 'humidity': 38.0, 'temperature': 31.0, 'experiment': 1.0, 'time': 1522083241.513689}
{'device': 'gnfuv-temp-exp1-55d487b85b-xcl97', 'humidity': 38.0, 'temperature': 31.0, 'experiment': 1.0, 'time': 1522083246.32034}
{'device': 'gnfuv-temp-exp1-55d487b85b-xcl97', 'humidity': 38.0, 'temperature': 31.0, 'experiment': 1.0, 'time': 1522083267.810762}
{'device': 'gnfuv-temp-exp1-55d487b85b-xcl97', 'humidity': 38.0, 'temperature': 31.0, 'experiment': 1.0, 'time': 1522083273.132459}
{'device': 'gnfuv-temp-exp1-55d487b85b-xcl97', 'humidity': 38.0, 'temperature': 31.0, 'experiment': 1.0, 'time': 1522083281.278246}
{'device': 'gnfuv-temp-exp1-55d487b85b-xcl97', 'humidity': 38.0, 'temperature': 31.0, 'experiment': 1.0, 'time': 1522083288.584749}
{'device': 'gnfuv-temp-exp1-55d487b85b-xcl97', 'humidity': 38.0, 'temperature': 31.0, 'experiment': 1.0, 'time': 1522083293.324025}
{'device': 'gnfuv-temp-exp1-55d487b85b-xcl97', 'humidity': 38.0, 'temperature': 31.0, 'experiment': 1.0, 'time': 1522083298.117073}
{'device': 'gnfuv-temp-exp1-55d487b85b-xcl97', 'humidity': 38.0, 'temperature': 31.0, 'experiment': 1.0, 'time': 1522083302.911414}
{'device': 'gnfuv-temp-exp1-55d487b85b-xcl97', 'humidity': 38.0, 'temperature': 31.0, 'experiment': 1.0, 'time': 1522083315.327396}
{'device': 'gnfuv-temp-exp1-55d487b85b-xcl97', 'humidity': 38.0, 'temperature': 31.0, 'experiment': 1.0, 'time': 1522083320.417974}
{'device': 'gnfuv-temp-exp1-55d487b85b-xcl97', 'humidity': 38.0, 'temperature': 31.0, 'experiment': 1.0, 'time': 1522083327.701166}
{'device': 'gnfuv-temp-exp1-55d487b85b-xcl97', 'humidity': 38.0, 'temperature': 31.0, 'experiment': 1.0, 'time': 1522083344.125867}
{'device': 'gnfuv-temp-exp1-55d487b85b-xcl97', 'humidity': 38.0, 'temperature': 31.0, 'experiment': 1.0, 'time': 1522083353.336639}
{'device': 'gnfuv-temp-exp1-55d487b85b-xcl97', 'humidity': 38.0, 'temperature': 31.0, 'experiment': 1.0, 'time': 1522083362.526036}
{'device': 'gnfuv-temp-exp1-55d487b85b-xcl97', 'humidity': 38.0, 'temperature': 31.0, 'experiment': 1.0, 'time': 1522083374.252464}
{'device': 'gnfuv-temp-exp1-55d487b85b-xcl97', 'humidity': 38.0, 'temperature': 31.0, 'experiment': 1.0, 'time': 1522083380.879487}
{'device': 'gnfuv-temp-exp1-55d487b85b-xcl97', 'humidity': 38.0, 'temperature': 32.0, 'experiment': 1.0, 'time': 1522083390.433756}
{'device': 'gnfuv-temp-exp1-55d487b85b-xcl97', 'humidity': 38.0, 'temperature': 31.0, 'experiment': 1.0, 'time': 1522083400.262497}
{'device': 'gnfuv-temp-exp1-55d487b85b-xcl97', 'humidity': 38.0, 'temperature': 31.0, 'experiment': 1.0, 'time': 1522083407.546563}
{'device': 'gnfuv-temp-exp1-55d487b85b-xcl97', 'humidity': 38.0, 'temperature': 31.0, 'experiment': 1.0, 'time': 1522083412.867341}
{'device': 'gnfuv-temp-exp1-55d487b85b-xcl97', 'humidity': 38.0, 'temperature': 31.0, 'experiment': 1.0, 'time': 1522083420.175717}
{'device': 'gnfuv-temp-exp1-55d487b85b-xcl97', 'humidity': 37.0, 'temperature': 31.0, 'experiment': 1.0, 'time': 1522083432.726901}
{'device': 'gnfuv-temp-exp1-55d487b85b-xcl97', 'humidity': 37.0, 'temperature': 32.0, 'experiment': 1.0, 'time': 1522083440.147083}
{'device': 'gnfuv-temp-exp1-55d487b85b-xcl97', 'humidity': 37.0, 'temperature': 32.0, 'experiment': 1.0, 'time': 1522083446.10473}
{'device': 'gnfuv-temp-exp1-55d487b85b-xcl97', 'humidity': 37.0, 'temperature': 32.0, 'experiment': 1.0, 'time': 1522083450.833549}
{'device': 'gnfuv-temp-exp1-55d487b85b-xcl97', 'humidity': 37.0, 'temperature': 32.0, 'experiment': 1.0, 'time': 1522083458.185522}
{'device': 'gnfuv-temp-exp1-55d487b85b-xcl97', 'humidity': 37.0, 'temperature': 32.0, 'experiment': 1.0, 'time': 1522083463.01105}
{'device': 'gnfuv-temp-exp1-55d487b85b-xcl97', 'humidity': 37.0, 'temperature': 32.0, 'experiment': 1.0, 'time': 1522083470.289676}
{'device': 'gnfuv-temp-exp1-55d487b85b-xcl97', 'humidity': 37.0, 'temperature': 32.0, 'experiment': 1.0, 'time': 1522083480.07725}
{'device': 'gnfuv-temp-exp1-55d487b85b-xcl97', 'humidity': 37.0, 'temperature': 32.0, 'experiment': 1.0, 'time': 1522083484.93763}
{'device': 'gnfuv-temp-exp1-55d487b85b-xcl97', 'humidity': 37.0, 'temperature': 32.0, 'experiment': 1.0, 'time': 1522083490.427793}
{'device': 'gnfuv-temp-exp1-55d487b85b-xcl97', 'humidity': 37.0, 'temperature': 32.0, 'experiment': 1.0, 'time': 1522083501.047515}
{'device': 'gnfuv-temp-exp1-55d487b85b-xcl97', 'humidity': 37.0, 'temperature': 32.0, 'experiment': 1.0, 'time': 1522083512.108406}
{'device': 'gnfuv-temp-exp1-55d487b85b-xcl97', 'humidity': 37.0, 'temperature': 32.0, 'experiment': 1.0, 'time': 1522083525.442212}
{'device': 'gnfuv-temp-exp1-55d487b85b-xcl97', 'humidity': 36.0, 'temperature': 32.0, 'experiment': 1.0, 'time': 1522083535.199481}
{'device': 'gnfuv-temp-exp1-55d487b85b-xcl97', 'humidity': 36.0, 'temperature': 32.0, 'experiment': 1.0, 'time': 1522083541.838354}
{'device': 'gnfuv-temp-exp1-55d487b85b-xcl97', 'humidity': 36.0, 'temperature': 32.0, 'experiment': 1.0, 'time': 1522083547.03948}
{'device': 'gnfuv-temp-exp1-55d487b85b-xcl97', 'humidity': 36.0, 'temperature': 32.0, 'experiment': 1.0, 'time': 1522083552.247839}
{'device': 'gnfuv-temp-exp1-55d487b85b-xcl97', 'humidity': 36.0, 'temperature': 32.0, 'experiment': 1.0, 'time': 1522083559.570691}
{'device': 'gnfuv-temp-exp1-55d487b85b-xcl97', 'humidity': 36.0, 'temperature': 32.0, 'experiment': 1.0, 'time': 1522083565.81266}
{'device': 'gnfuv-temp-exp1-55d487b85b-xcl97', 'humidity': 36.0, 'temperature': 32.0, 'experiment': 1.0, 'time': 1522083570.61687}
{'device': 'gnfuv-temp-exp1-55d487b85b-xcl97', 'humidity': 36.0, 'temperature': 32.0, 'experiment': 1.0, 'time': 1522083587.969572}
{'device': 'gnfuv-temp-exp1-55d487b85b-xcl97', 'humidity': 36.0, 'temperature': 32.0, 'experiment': 1.0, 'time': 1522083595.767385}
{'device': 'gnfuv-temp-exp1-55d487b85b-xcl97', 'humidity': 37.0, 'temperature': 33.0, 'experiment': 1.0, 'time': 1522083605.536713}
{'device': 'gnfuv-temp-exp1-55d487b85b-xcl97', 'humidity': 36.0, 'temperature': 33.0, 'experiment': 1.0, 'time': 1522083614.04027}
{'device': 'gnfuv-temp-exp1-55d487b85b-xcl97', 'humidity': 35.0, 'temperature': 32.0, 'experiment': 1.0, 'time': 1522083625.920989}
{'device': 'gnfuv-temp-exp1-55d487b85b-xcl97', 'humidity': 36.0, 'temperature': 33.0, 'experiment': 1.0, 'time': 1522083635.305912}
{'device': 'gnfuv-temp-exp1-55d487b85b-xcl97', 'humidity': 35.0, 'temperature': 32.0, 'experiment': 1.0, 'time': 1522083647.006305}
{'device': 'gnfuv-temp-exp1-55d487b85b-xcl97', 'humidity': 36.0, 'temperature': 33.0, 'experiment': 1.0, 'time': 1522083660.877744}
{'device': 'gnfuv-temp-exp1-55d487b85b-xcl97', 'humidity': 35.0, 'temperature': 33.0, 'experiment': 1.0, 'time': 1522083670.044678}
{'device': 'gnfuv-temp-exp1-55d487b85b-xcl97', 'humidity': 35.0, 'temperature': 33.0, 'experiment': 1.0, 'time': 1522083679.245631}
{'device': 'gnfuv-temp-exp1-55d487b85b-xcl97', 'humidity': 35.0, 'temperature': 33.0, 'experiment': 1.0, 'time': 1522083688.098553}
{'device': 'gnfuv-temp-exp1-55d487b85b-xcl97', 'humidity': 35.0, 'temperature': 33.0, 'experiment': 1.0, 'time': 1522083694.924429}
{'device': 'gnfuv-temp-exp1-55d487b85b-xcl97', 'humidity': 35.0, 'temperature': 33.0, 'experiment': 1.0, 'time': 1522083701.165009}
{'device': 'gnfuv-temp-exp1-55d487b85b-xcl97', 'humidity': 34.0, 'temperature': 33.0, 'experiment': 1.0, 'time': 1522083709.928606}
{'device': 'gnfuv-temp-exp1-55d487b85b-xcl97', 'humidity': 34.0, 'temperature': 33.0, 'experiment': 1.0, 'time': 1522083716.765826}
{'device': 'gnfuv-temp-exp1-55d487b85b-xcl97', 'humidity': 34.0, 'temperature': 34.0, 'experiment': 1.0, 'time': 1522083723.003966}
{'device': 'gnfuv-temp-exp1-55d487b85b-xcl97', 'humidity': 33.0, 'temperature': 34.0, 'experiment': 1.0, 'time': 1522083729.245462}
{'device': 'gnfuv-temp-exp1-55d487b85b-xcl97', 'humidity': 34.0, 'temperature': 34.0, 'experiment': 1.0, 'time': 1522083735.485051}
{'device': 'gnfuv-temp-exp1-55d487b85b-xcl97', 'humidity': 34.0, 'temperature': 34.0, 'experiment': 1.0, 'time': 1522083744.251635}
{'device': 'gnfuv-temp-exp1-55d487b85b-xcl97', 'humidity': 34.0, 'temperature': 34.0, 'experiment': 1.0, 'time': 1522083751.083189}
{'device': 'gnfuv-temp-exp1-55d487b85b-xcl97', 'humidity': 33.0, 'temperature': 34.0, 'experiment': 1.0, 'time': 1522083757.324432}
{'device': 'gnfuv-temp-exp1-55d487b85b-xcl97', 'humidity': 33.0, 'temperature': 34.0, 'experiment': 1.0, 'time': 1522083766.091093}
{'device': 'gnfuv-temp-exp1-55d487b85b-xcl97', 'humidity': 33.0, 'temperature': 34.0, 'experiment': 1.0, 'time': 1522083770.399226}
{'device': 'gnfuv-temp-exp1-55d487b85b-xcl97', 'humidity': 33.0, 'temperature': 34.0, 'experiment': 1.0, 'time': 1522083776.637549}
{'device': 'gnfuv-temp-exp1-55d487b85b-xcl97', 'humidity': 33.0, 'temperature': 34.0, 'experiment': 1.0, 'time': 1522083781.200568}
{'device': 'gnfuv-temp-exp1-55d487b85b-xcl97', 'humidity': 32.0, 'temperature': 34.0, 'experiment': 1.0, 'time': 1522083790.810252}
{'device': 'gnfuv-temp-exp1-55d487b85b-xcl97', 'humidity': 32.0, 'temperature': 34.0, 'experiment': 1.0, 'time': 1522083797.492235}
{'device': 'gnfuv-temp-exp1-55d487b85b-xcl97', 'humidity': 32.0, 'temperature': 34.0, 'experiment': 1.0, 'time': 1522083804.017568}
{'device': 'gnfuv-temp-exp1-55d487b85b-xcl97', 'humidity': 32.0, 'temperature': 34.0, 'experiment': 1.0, 'time': 1522083833.741691}
{'device': 'gnfuv-temp-exp1-55d487b85b-xcl97', 'humidity': 32.0, 'temperature': 34.0, 'experiment': 1.0, 'time': 1522083840.238262}
{'device': 'gnfuv-temp-exp1-55d487b85b-xcl97', 'humidity': 32.0, 'temperature': 34.0, 'experiment': 1.0, 'time': 1522083846.478304}
{'device': 'gnfuv-temp-exp1-55d487b85b-xcl97', 'humidity': 32.0, 'temperature': 34.0, 'experiment': 1.0, 'time': 1522083851.038823}
{'device': 'gnfuv-temp-exp1-55d487b85b-xcl97', 'humidity': 32.0, 'temperature': 34.0, 'experiment': 1.0, 'time': 1522083859.466817}
{'device': 'gnfuv-temp-exp1-55d487b85b-xcl97', 'humidity': 32.0, 'temperature': 34.0, 'experiment': 1.0, 'time': 1522083871.23169}
{'device': 'gnfuv-temp-exp1-55d487b85b-xcl97', 'humidity': 32.0, 'temperature': 34.0, 'experiment': 1.0, 'time': 1522083879.495585}
{'device': 'gnfuv-temp-exp1-55d487b85b-xcl97', 'humidity': 32.0, 'temperature': 34.0, 'experiment': 1.0, 'time': 1522083885.287782}
{'device': 'gnfuv-temp-exp1-55d487b85b-xcl97', 'humidity': 32.0, 'temperature': 35.0, 'experiment': 1.0, 'time': 1522083895.598846}
{'device': 'gnfuv-temp-exp1-55d487b85b-xcl97', 'humidity': 32.0, 'temperature': 34.0, 'experiment': 1.0, 'time': 1522083902.007244}
{'device': 'gnfuv-temp-exp1-55d487b85b-xcl97', 'humidity': 32.0, 'temperature': 34.0, 'experiment': 1.0, 'time': 1522083908.27186}
{'device': 'gnfuv-temp-exp1-55d487b85b-xcl97', 'humidity': 32.0, 'temperature': 34.0, 'experiment': 1.0, 'time': 1522083913.212686}
{'device': 'gnfuv-temp-exp1-55d487b85b-xcl97', 'humidity': 32.0, 'temperature': 34.0, 'experiment': 1.0, 'time': 1522083918.040791}
{'device': 'gnfuv-temp-exp1-55d487b85b-xcl97', 'humidity': 32.0, 'temperature': 34.0, 'experiment': 1.0, 'time': 1522083924.032082}
{'device': 'gnfuv-temp-exp1-55d487b85b-xcl97', 'humidity': 32.0, 'temperature': 35.0, 'experiment': 1.0, 'time': 1522083929.920372}
{'device': 'gnfuv-temp-exp1-55d487b85b-xcl97', 'humidity': 32.0, 'temperature': 34.0, 'experiment': 1.0, 'time': 1522083946.143774}
{'device': 'gnfuv-temp-exp1-55d487b85b-xcl97', 'humidity': 32.0, 'temperature': 34.0, 'experiment': 1.0, 'time': 1522083979.715397}
{'device': 'gnfuv-temp-exp1-55d487b85b-xcl97', 'humidity': 32.0, 'temperature': 34.0, 'experiment': 1.0, 'time': 1522084013.301777}
{'device': 'gnfuv-temp-exp1-55d487b85b-xcl97', 'humidity': 32.0, 'temperature': 34.0, 'experiment': 1.0, 'time': 1522084019.998792}
{'device': 'gnfuv-temp-exp1-55d487b85b-xcl97', 'humidity': 32.0, 'temperature': 34.0, 'experiment': 1.0, 'time': 1522084026.636672}
{'device': 'gnfuv-temp-exp1-55d487b85b-xcl97', 'humidity': 32.0, 'temperature': 35.0, 'experiment': 1.0, 'time': 1522084033.277837}
{'device': 'gnfuv-temp-exp1-55d487b85b-xcl97', 'humidity': 32.0, 'temperature': 34.0, 'experiment': 1.0, 'time': 1522084039.919162}
{'device': 'gnfuv-temp-exp1-55d487b85b-xcl97', 'humidity': 32.0, 'temperature': 35.0, 'experiment': 1.0, 'time': 1522084046.558306}
{'device': 'gnfuv-temp-exp1-55d487b85b-xcl97', 'humidity': 31.0, 'temperature': 35.0, 'experiment': 1.0, 'time': 1522084058.25502}
{'device': 'gnfuv-temp-exp1-55d487b85b-xcl97', 'humidity': 32.0, 'temperature': 35.0, 'experiment': 1.0, 'time': 1522084062.397898}
{'device': 'gnfuv-temp-exp1-55d487b85b-xcl97', 'humidity': 31.0, 'temperature': 35.0, 'experiment': 1.0, 'time': 1522084071.56745}
{'device': 'gnfuv-temp-exp1-55d487b85b-xcl97', 'humidity': 32.0, 'temperature': 35.0, 'experiment': 1.0, 'time': 1522084078.206766}
{'device': 'gnfuv-temp-exp1-55d487b85b-xcl97', 'humidity': 32.0, 'temperature': 35.0, 'experiment': 1.0, 'time': 1522084084.879183}
{'device': 'gnfuv-temp-exp1-55d487b85b-xcl97', 'humidity': 31.0, 'temperature': 35.0, 'experiment': 1.0, 'time': 1522084091.518447}
{'device': 'gnfuv-temp-exp1-55d487b85b-xcl97', 'humidity': 31.0, 'temperature': 35.0, 'experiment': 1.0, 'time': 1522084100.683723}
{'device': 'gnfuv-temp-exp1-55d487b85b-xcl97', 'humidity': 31.0, 'temperature': 35.0, 'experiment': 1.0, 'time': 1522084107.359445}
{'device': 'gnfuv-temp-exp1-55d487b85b-xcl97', 'humidity': 31.0, 'temperature': 35.0, 'experiment': 1.0, 'time': 1522084113.999484}
{'device': 'gnfuv-temp-exp1-55d487b85b-xcl97', 'humidity': 30.0, 'temperature': 35.0, 'experiment': 1.0, 'time': 1522084123.16625}
{'device': 'gnfuv-temp-exp1-55d487b85b-xcl97', 'humidity': 31.0, 'temperature': 35.0, 'experiment': 1.0, 'time': 1522084129.838609}
{'device': 'gnfuv-temp-exp1-55d487b85b-xcl97', 'humidity': 31.0, 'temperature': 35.0, 'experiment': 1.0, 'time': 1522084136.477413}
{'device': 'gnfuv-temp-exp1-55d487b85b-xcl97', 'humidity': 31.0, 'temperature': 35.0, 'experiment': 1.0, 'time': 1522084143.117467}
{'device': 'gnfuv-temp-exp1-55d487b85b-xcl97', 'humidity': 30.0, 'temperature': 35.0, 'experiment': 1.0, 'time': 1522084149.758015}
{'device': 'gnfuv-temp-exp1-55d487b85b-xcl97', 'humidity': 30.0, 'temperature': 35.0, 'experiment': 1.0, 'time': 1522084158.926374}
{'device': 'gnfuv-temp-exp1-55d487b85b-xcl97', 'humidity': 30.0, 'temperature': 35.0, 'experiment': 1.0, 'time': 1522084165.599483}
{'device': 'gnfuv-temp-exp1-55d487b85b-xcl97', 'humidity': 30.0, 'temperature': 35.0, 'experiment': 1.0, 'time': 1522084172.238047}
{'device': 'gnfuv-temp-exp1-55d487b85b-xcl97', 'humidity': 30.0, 'temperature': 35.0, 'experiment': 1.0, 'time': 1522084178.87951}
{'device': 'gnfuv-temp-exp1-55d487b85b-xcl97', 'humidity': 30.0, 'temperature': 35.0, 'experiment': 1.0, 'time': 1522084185.519443}
{'device': 'gnfuv-temp-exp1-55d487b85b-xcl97', 'humidity': 30.0, 'temperature': 35.0, 'experiment': 1.0, 'time': 1522084192.15637}
{'device': 'gnfuv-temp-exp1-55d487b85b-xcl97', 'humidity': 30.0, 'temperature': 35.0, 'experiment': 1.0, 'time': 1522084201.336353}
{'device': 'gnfuv-temp-exp1-55d487b85b-xcl97', 'humidity': 30.0, 'temperature': 36.0, 'experiment': 1.0, 'time': 1522084207.99902}
{'device': 'gnfuv-temp-exp1-55d487b85b-xcl97', 'humidity': 30.0, 'temperature': 36.0, 'experiment': 1.0, 'time': 1522084219.696524}
{'device': 'gnfuv-temp-exp1-55d487b85b-xcl97', 'humidity': 30.0, 'temperature': 36.0, 'experiment': 1.0, 'time': 1522084223.838496}
{'device': 'gnfuv-temp-exp1-55d487b85b-xcl97', 'humidity': 30.0, 'temperature': 36.0, 'experiment': 1.0, 'time': 1522084233.005975}
{'device': 'gnfuv-temp-exp1-55d487b85b-xcl97', 'humidity': 30.0, 'temperature': 36.0, 'experiment': 1.0, 'time': 1522084239.678327}
{'device': 'gnfuv-temp-exp1-55d487b85b-xcl97', 'humidity': 30.0, 'temperature': 36.0, 'experiment': 1.0, 'time': 1522084246.319217}
{'device': 'gnfuv-temp-exp1-55d487b85b-xcl97', 'humidity': 30.0, 'temperature': 36.0, 'experiment': 1.0, 'time': 1522084252.958137}
{'device': 'gnfuv-temp-exp1-55d487b85b-xcl97', 'humidity': 30.0, 'temperature': 36.0, 'experiment': 1.0, 'time': 1522084264.652312}
{'device': 'gnfuv-temp-exp1-55d487b85b-xcl97', 'humidity': 30.0, 'temperature': 36.0, 'experiment': 1.0, 'time': 1522084268.798068}
{'device': 'gnfuv-temp-exp1-55d487b85b-xcl97', 'humidity': 29.0, 'temperature': 36.0, 'experiment': 1.0, 'time': 1522084277.966134}
{'device': 'gnfuv-temp-exp1-55d487b85b-xcl97', 'humidity': 29.0, 'temperature': 36.0, 'experiment': 1.0, 'time': 1522084284.639299}
{'device': 'gnfuv-temp-exp1-55d487b85b-xcl97', 'humidity': 29.0, 'temperature': 36.0, 'experiment': 1.0, 'time': 1522084291.278348}
{'device': 'gnfuv-temp-exp1-55d487b85b-xcl97', 'humidity': 29.0, 'temperature': 36.0, 'experiment': 1.0, 'time': 1522084297.918034}
{'device': 'gnfuv-temp-exp1-55d487b85b-xcl97', 'humidity': 29.0, 'temperature': 36.0, 'experiment': 1.0, 'time': 1522084312.145059}
{'device': 'gnfuv-temp-exp1-55d487b85b-xcl97', 'humidity': 29.0, 'temperature': 36.0, 'experiment': 1.0, 'time': 1522084318.848236}
{'device': 'gnfuv-temp-exp1-55d487b85b-xcl97', 'humidity': 29.0, 'temperature': 36.0, 'experiment': 1.0, 'time': 1522084328.045897}
{'device': 'gnfuv-temp-exp1-55d487b85b-xcl97', 'humidity': 29.0, 'temperature': 36.0, 'experiment': 1.0, 'time': 1522084334.71858}
{'device': 'gnfuv-temp-exp1-55d487b85b-xcl97', 'humidity': 28.0, 'temperature': 36.0, 'experiment': 1.0, 'time': 1522084341.358427}
{'device': 'gnfuv-temp-exp1-55d487b85b-xcl97', 'humidity': 28.0, 'temperature': 36.0, 'experiment': 1.0, 'time': 1522084350.527134}
{'device': 'gnfuv-temp-exp1-55d487b85b-xcl97', 'humidity': 28.0, 'temperature': 36.0, 'experiment': 1.0, 'time': 1522084357.19833}
{'device': 'gnfuv-temp-exp1-55d487b85b-xcl97', 'humidity': 28.0, 'temperature': 36.0, 'experiment': 1.0, 'time': 1522084363.838258}
{'device': 'gnfuv-temp-exp1-55d487b85b-xcl97', 'humidity': 28.0, 'temperature': 37.0, 'experiment': 1.0, 'time': 1522084370.477085}
{'device': 'gnfuv-temp-exp1-55d487b85b-xcl97', 'humidity': 28.0, 'temperature': 37.0, 'experiment': 1.0, 'time': 1522084377.118381}
{'device': 'gnfuv-temp-exp1-55d487b85b-xcl97', 'humidity': 28.0, 'temperature': 37.0, 'experiment': 1.0, 'time': 1522084383.357868}
{'device': 'gnfuv-temp-exp1-55d487b85b-xcl97', 'humidity': 28.0, 'temperature': 37.0, 'experiment': 1.0, 'time': 1522084389.597881}
{'device': 'gnfuv-temp-exp1-55d487b85b-xcl97', 'humidity': 28.0, 'temperature': 37.0, 'experiment': 1.0, 'time': 1522084395.837889}
{'device': 'gnfuv-temp-exp1-55d487b85b-xcl97', 'humidity': 28.0, 'temperature': 37.0, 'experiment': 1.0, 'time': 1522084407.126891}
{'device': 'gnfuv-temp-exp1-55d487b85b-xcl97', 'humidity': 27.0, 'temperature': 37.0, 'experiment': 1.0, 'time': 1522084410.718419}
{'device': 'gnfuv-temp-exp1-55d487b85b-xcl97', 'humidity': 27.0, 'temperature': 37.0, 'experiment': 1.0, 'time': 1522084427.47755}
{'device': 'gnfuv-temp-exp1-55d487b85b-xcl97', 'humidity': 27.0, 'temperature': 37.0, 'experiment': 1.0, 'time': 1522084436.281968}
{'device': 'gnfuv-temp-exp1-55d487b85b-xcl97', 'humidity': 27.0, 'temperature': 37.0, 'experiment': 1.0, 'time': 1522084442.959139}
{'device': 'gnfuv-temp-exp1-55d487b85b-xcl97', 'humidity': 27.0, 'temperature': 37.0, 'experiment': 1.0, 'time': 1522084452.126995}
{'device': 'gnfuv-temp-exp1-55d487b85b-xcl97', 'humidity': 27.0, 'temperature': 37.0, 'experiment': 1.0, 'time': 1522084461.327103}
{'device': 'gnfuv-temp-exp1-55d487b85b-xcl97', 'humidity': 27.0, 'temperature': 37.0, 'experiment': 1.0, 'time': 1522084470.527097}
{'device': 'gnfuv-temp-exp1-55d487b85b-xcl97', 'humidity': 26.0, 'temperature': 37.0, 'experiment': 1.0, 'time': 1522084477.198219}
{'device': 'gnfuv-temp-exp1-55d487b85b-xcl97', 'humidity': 26.0, 'temperature': 37.0, 'experiment': 1.0, 'time': 1522084488.897498}
{'device': 'gnfuv-temp-exp1-55d487b85b-xcl97', 'humidity': 26.0, 'temperature': 37.0, 'experiment': 1.0, 'time': 1522084496.125775}
{'device': 'gnfuv-temp-exp1-55d487b85b-xcl97', 'humidity': 26.0, 'temperature': 37.0, 'experiment': 1.0, 'time': 1522084510.345588}
{'device': 'gnfuv-temp-exp1-55d487b85b-xcl97', 'humidity': 27.0, 'temperature': 38.0, 'experiment': 1.0, 'time': 1522084519.530736}
{'device': 'gnfuv-temp-exp1-55d487b85b-xcl97', 'humidity': 26.0, 'temperature': 37.0, 'experiment': 1.0, 'time': 1522084526.202947}
{'device': 'gnfuv-temp-exp1-55d487b85b-xcl97', 'humidity': 27.0, 'temperature': 38.0, 'experiment': 1.0, 'time': 1522084529.759292}
{'device': 'gnfuv-temp-exp1-55d487b85b-xcl97', 'humidity': 27.0, 'temperature': 38.0, 'experiment': 1.0, 'time': 1522084536.397212}
{'device': 'gnfuv-temp-exp1-55d487b85b-xcl97', 'humidity': 27.0, 'temperature': 38.0, 'experiment': 1.0, 'time': 1522084545.566007}
{'device': 'gnfuv-temp-exp1-55d487b85b-xcl97', 'humidity': 26.0, 'temperature': 38.0, 'experiment': 1.0, 'time': 1522084552.238035}
{'device': 'gnfuv-temp-exp1-55d487b85b-xcl97', 'humidity': 26.0, 'temperature': 38.0, 'experiment': 1.0, 'time': 1522084561.407101}
{'device': 'gnfuv-temp-exp1-55d487b85b-xcl97', 'humidity': 26.0, 'temperature': 38.0, 'experiment': 1.0, 'time': 1522084570.605429}
{'device': 'gnfuv-temp-exp1-55d487b85b-xcl97', 'humidity': 26.0, 'temperature': 38.0, 'experiment': 1.0, 'time': 1522084579.80707}
{'device': 'gnfuv-temp-exp1-55d487b85b-xcl97', 'humidity': 26.0, 'temperature': 38.0, 'experiment': 1.0, 'time': 1522084586.479513}
{'device': 'gnfuv-temp-exp1-55d487b85b-xcl97', 'humidity': 26.0, 'temperature': 38.0, 'experiment': 1.0, 'time': 1522084593.118078}
{'device': 'gnfuv-temp-exp1-55d487b85b-xcl97', 'humidity': 26.0, 'temperature': 38.0, 'experiment': 1.0, 'time': 1522084599.759323}
{'device': 'gnfuv-temp-exp1-55d487b85b-xcl97', 'humidity': 26.0, 'temperature': 38.0, 'experiment': 1.0, 'time': 1522084608.926093}
{'device': 'gnfuv-temp-exp1-55d487b85b-xcl97', 'humidity': 26.0, 'temperature': 38.0, 'experiment': 1.0, 'time': 1522084615.598984}
{'device': 'gnfuv-temp-exp1-55d487b85b-xcl97', 'humidity': 25.0, 'temperature': 38.0, 'experiment': 1.0, 'time': 1522084624.763164}
{'device': 'gnfuv-temp-exp1-55d487b85b-xcl97', 'humidity': 25.0, 'temperature': 38.0, 'experiment': 1.0, 'time': 1522084631.43982}
{'device': 'gnfuv-temp-exp1-55d487b85b-xcl97', 'humidity': 25.0, 'temperature': 38.0, 'experiment': 1.0, 'time': 1522084638.079193}
{'device': 'gnfuv-temp-exp1-55d487b85b-xcl97', 'humidity': 25.0, 'temperature': 38.0, 'experiment': 1.0, 'time': 1522084644.71722}
{'device': 'gnfuv-temp-exp1-55d487b85b-xcl97', 'humidity': 25.0, 'temperature': 38.0, 'experiment': 1.0, 'time': 1522084653.885329}
{'device': 'gnfuv-temp-exp1-55d487b85b-xcl97', 'humidity': 25.0, 'temperature': 38.0, 'experiment': 1.0, 'time': 1522084660.559432}
{'device': 'gnfuv-temp-exp1-55d487b85b-xcl97', 'humidity': 25.0, 'temperature': 38.0, 'experiment': 1.0, 'time': 1522084667.197383}
{'device': 'gnfuv-temp-exp1-55d487b85b-xcl97', 'humidity': 25.0, 'temperature': 38.0, 'experiment': 1.0, 'time': 1522084673.838112}
{'device': 'gnfuv-temp-exp1-55d487b85b-xcl97', 'humidity': 25.0, 'temperature': 38.0, 'experiment': 1.0, 'time': 1522084685.534023}
{'device': 'gnfuv-temp-exp1-55d487b85b-xcl97', 'humidity': 24.0, 'temperature': 38.0, 'experiment': 1.0, 'time': 1522084694.764284}
{'device': 'gnfuv-temp-exp1-55d487b85b-xcl97', 'humidity': 24.0, 'temperature': 38.0, 'experiment': 1.0, 'time': 1522084701.438124}
{'device': 'gnfuv-temp-exp1-55d487b85b-xcl97', 'humidity': 24.0, 'temperature': 38.0, 'experiment': 1.0, 'time': 1522084708.078361}
{'device': 'gnfuv-temp-exp1-55d487b85b-xcl97', 'humidity': 25.0, 'temperature': 39.0, 'experiment': 1.0, 'time': 1522084714.717063}
{'device': 'gnfuv-temp-exp1-55d487b85b-xcl97', 'humidity': 25.0, 'temperature': 39.0, 'experiment': 1.0, 'time': 1522084720.959205}
{'device': 'gnfuv-temp-exp1-55d487b85b-xcl97', 'humidity': 25.0, 'temperature': 39.0, 'experiment': 1.0, 'time': 1522084729.724756}
{'device': 'gnfuv-temp-exp1-55d487b85b-xcl97', 'humidity': 25.0, 'temperature': 39.0, 'experiment': 1.0, 'time': 1522084738.924966}
{'device': 'gnfuv-temp-exp1-55d487b85b-xcl97', 'humidity': 25.0, 'temperature': 39.0, 'experiment': 1.0, 'time': 1522084745.599174}
{'device': 'gnfuv-temp-exp1-55d487b85b-xcl97', 'humidity': 25.0, 'temperature': 39.0, 'experiment': 1.0, 'time': 1522084752.239282}
{'device': 'gnfuv-temp-exp1-55d487b85b-xcl97', 'humidity': 25.0, 'temperature': 39.0, 'experiment': 1.0, 'time': 1522084758.878498}
{'device': 'gnfuv-temp-exp1-55d487b85b-xcl97', 'humidity': 25.0, 'temperature': 39.0, 'experiment': 1.0, 'time': 1522084777.214349}
{'device': 'gnfuv-temp-exp1-55d487b85b-xcl97', 'humidity': 25.0, 'temperature': 39.0, 'experiment': 1.0, 'time': 1522084784.446566}
{'device': 'gnfuv-temp-exp1-55d487b85b-xcl97', 'humidity': 25.0, 'temperature': 39.0, 'experiment': 1.0, 'time': 1522084787.99902}
{'device': 'gnfuv-temp-exp1-55d487b85b-xcl97', 'humidity': 25.0, 'temperature': 39.0, 'experiment': 1.0, 'time': 1522084794.636451}
{'device': 'gnfuv-temp-exp1-55d487b85b-xcl97', 'humidity': 25.0, 'temperature': 39.0, 'experiment': 1.0, 'time': 1522084806.335001}
{'device': 'gnfuv-temp-exp1-55d487b85b-xcl97', 'humidity': 24.0, 'temperature': 39.0, 'experiment': 1.0, 'time': 1522084815.53459}
{'device': 'gnfuv-temp-exp1-55d487b85b-xcl97', 'humidity': 24.0, 'temperature': 39.0, 'experiment': 1.0, 'time': 1522084820.238157}
{'device': 'gnfuv-temp-exp1-55d487b85b-xcl97', 'humidity': 24.0, 'temperature': 39.0, 'experiment': 1.0, 'time': 1522084826.878115}
{'device': 'gnfuv-temp-exp1-55d487b85b-xcl97', 'humidity': 24.0, 'temperature': 39.0, 'experiment': 1.0, 'time': 1522084833.118386}
{'device': 'gnfuv-temp-exp1-55d487b85b-xcl97', 'humidity': 24.0, 'temperature': 39.0, 'experiment': 1.0, 'time': 1522084839.359288}
{'device': 'gnfuv-temp-exp1-55d487b85b-xcl97', 'humidity': 24.0, 'temperature': 39.0, 'experiment': 1.0, 'time': 1522084845.598031}
{'device': 'gnfuv-temp-exp1-55d487b85b-xcl97', 'humidity': 24.0, 'temperature': 39.0, 'experiment': 1.0, 'time': 1522084851.837826}
{'device': 'gnfuv-temp-exp1-55d487b85b-xcl97', 'humidity': 24.0, 'temperature': 39.0, 'experiment': 1.0, 'time': 1522084860.606595}
{'device': 'gnfuv-temp-exp1-55d487b85b-xcl97', 'humidity': 24.0, 'temperature': 39.0, 'experiment': 1.0, 'time': 1522084866.846567}
{'device': 'gnfuv-temp-exp1-55d487b85b-xcl97', 'humidity': 24.0, 'temperature': 39.0, 'experiment': 1.0, 'time': 1522084872.926523}
{'device': 'gnfuv-temp-exp1-55d487b85b-xcl97', 'humidity': 24.0, 'temperature': 39.0, 'experiment': 1.0, 'time': 1522084879.599502}
{'device': 'gnfuv-temp-exp1-55d487b85b-xcl97', 'humidity': 24.0, 'temperature': 39.0, 'experiment': 1.0, 'time': 1522084888.766989}
{'device': 'gnfuv-temp-exp1-55d487b85b-xcl97', 'humidity': 24.0, 'temperature': 39.0, 'experiment': 1.0, 'time': 1522084895.437255}
{'device': 'gnfuv-temp-exp1-55d487b85b-xcl97', 'humidity': 24.0, 'temperature': 39.0, 'experiment': 1.0, 'time': 1522084902.079318}
{'device': 'gnfuv-temp-exp1-55d487b85b-xcl97', 'humidity': 23.0, 'temperature': 38.0, 'experiment': 1.0, 'time': 1522084911.245865}
{'device': 'gnfuv-temp-exp1-55d487b85b-xcl97', 'humidity': 23.0, 'temperature': 38.0, 'experiment': 1.0, 'time': 1522084920.444953}
{'device': 'gnfuv-temp-exp1-55d487b85b-xcl97', 'humidity': 23.0, 'temperature': 38.0, 'experiment': 1.0, 'time': 1522084929.647618}
{'device': 'gnfuv-temp-exp1-55d487b85b-xcl97', 'humidity': 23.0, 'temperature': 38.0, 'experiment': 1.0, 'time': 1522084933.758638}
{'device': 'gnfuv-temp-exp1-55d487b85b-xcl97', 'humidity': 23.0, 'temperature': 38.0, 'experiment': 1.0, 'time': 1522084942.924908}
{'device': 'gnfuv-temp-exp1-55d487b85b-xcl97', 'humidity': 23.0, 'temperature': 38.0, 'experiment': 1.0, 'time': 1522084952.13358}
{'device': 'gnfuv-temp-exp1-55d487b85b-xcl97', 'humidity': 23.0, 'temperature': 38.0, 'experiment': 1.0, 'time': 1522084956.238625}
{'device': 'gnfuv-temp-exp1-55d487b85b-xcl97', 'humidity': 23.0, 'temperature': 38.0, 'experiment': 1.0, 'time': 1522084962.879667}
{'device': 'gnfuv-temp-exp1-55d487b85b-xcl97', 'humidity': 23.0, 'temperature': 38.0, 'experiment': 1.0, 'time': 1522084969.514631}
{'device': 'gnfuv-temp-exp1-55d487b85b-xcl97', 'humidity': 24.0, 'temperature': 38.0, 'experiment': 1.0, 'time': 1522084976.157072}
{'device': 'gnfuv-temp-exp1-55d487b85b-xcl97', 'humidity': 24.0, 'temperature': 38.0, 'experiment': 1.0, 'time': 1522084982.797977}
{'device': 'gnfuv-temp-exp1-55d487b85b-xcl97', 'humidity': 24.0, 'temperature': 38.0, 'experiment': 1.0, 'time': 1522084989.438302}
{'device': 'gnfuv-temp-exp1-55d487b85b-xcl97', 'humidity': 24.0, 'temperature': 38.0, 'experiment': 1.0, 'time': 1522085001.135369}
{'device': 'gnfuv-temp-exp1-55d487b85b-xcl97', 'humidity': 24.0, 'temperature': 38.0, 'experiment': 1.0, 'time': 1522085007.807351}
{'device': 'gnfuv-temp-exp1-55d487b85b-xcl97', 'humidity': 24.0, 'temperature': 38.0, 'experiment': 1.0, 'time': 1522085014.47909}
{'device': 'gnfuv-temp-exp1-55d487b85b-xcl97', 'humidity': 24.0, 'temperature': 38.0, 'experiment': 1.0, 'time': 1522085021.12878}
{'device': 'gnfuv-temp-exp1-55d487b85b-xcl97', 'humidity': 24.0, 'temperature': 38.0, 'experiment': 1.0, 'time': 1522085030.287294}
{'device': 'gnfuv-temp-exp1-55d487b85b-xcl97', 'humidity': 24.0, 'temperature': 38.0, 'experiment': 1.0, 'time': 1522085034.397518}
{'device': 'gnfuv-temp-exp1-55d487b85b-xcl97', 'humidity': 24.0, 'temperature': 37.0, 'experiment': 1.0, 'time': 1522085043.566008}
{'device': 'gnfuv-temp-exp1-55d487b85b-xcl97', 'humidity': 24.0, 'temperature': 37.0, 'experiment': 1.0, 'time': 1522085050.238323}
{'device': 'gnfuv-temp-exp1-55d487b85b-xcl97', 'humidity': 24.0, 'temperature': 37.0, 'experiment': 1.0, 'time': 1522085059.407685}
{'device': 'gnfuv-temp-exp1-55d487b85b-xcl97', 'humidity': 24.0, 'temperature': 37.0, 'experiment': 1.0, 'time': 1522085063.51857}
{'device': 'gnfuv-temp-exp1-55d487b85b-xcl97', 'humidity': 24.0, 'temperature': 37.0, 'experiment': 1.0, 'time': 1522085070.158385}
{'device': 'gnfuv-temp-exp1-55d487b85b-xcl97', 'humidity': 24.0, 'temperature': 37.0, 'experiment': 1.0, 'time': 1522085079.324715}
{'device': 'gnfuv-temp-exp1-55d487b85b-xcl97', 'humidity': 25.0, 'temperature': 37.0, 'experiment': 1.0, 'time': 1522085085.9992}
{'device': 'gnfuv-temp-exp1-55d487b85b-xcl97', 'humidity': 25.0, 'temperature': 37.0, 'experiment': 1.0, 'time': 1522085092.638134}
{'device': 'gnfuv-temp-exp1-55d487b85b-xcl97', 'humidity': 25.0, 'temperature': 37.0, 'experiment': 1.0, 'time': 1522085099.277993}
{'device': 'gnfuv-temp-exp1-55d487b85b-xcl97', 'humidity': 25.0, 'temperature': 37.0, 'experiment': 1.0, 'time': 1522085105.917865}
{'device': 'gnfuv-temp-exp1-55d487b85b-xcl97', 'humidity': 25.0, 'temperature': 37.0, 'experiment': 1.0, 'time': 1522085112.55842}
{'device': 'gnfuv-temp-exp1-55d487b85b-xcl97', 'humidity': 25.0, 'temperature': 37.0, 'experiment': 1.0, 'time': 1522085119.199327}
{'device': 'gnfuv-temp-exp1-55d487b85b-xcl97', 'humidity': 25.0, 'temperature': 37.0, 'experiment': 1.0, 'time': 1522085125.838635}
{'device': 'gnfuv-temp-exp1-55d487b85b-xcl97', 'humidity': 26.0, 'temperature': 37.0, 'experiment': 1.0, 'time': 1522085132.479348}
{'device': 'gnfuv-temp-exp1-55d487b85b-xcl97', 'humidity': 26.0, 'temperature': 37.0, 'experiment': 1.0, 'time': 1522085139.119358}
{'device': 'gnfuv-temp-exp1-55d487b85b-xcl97', 'humidity': 26.0, 'temperature': 36.0, 'experiment': 1.0, 'time': 1522085145.757961}
{'device': 'gnfuv-temp-exp1-55d487b85b-xcl97', 'humidity': 26.0, 'temperature': 36.0, 'experiment': 1.0, 'time': 1522085157.452288}
{'device': 'gnfuv-temp-exp1-55d487b85b-xcl97', 'humidity': 26.0, 'temperature': 36.0, 'experiment': 1.0, 'time': 1522085164.075458}
{'device': 'gnfuv-temp-exp1-55d487b85b-xcl97', 'humidity': 26.0, 'temperature': 36.0, 'experiment': 1.0, 'time': 1522085173.245019}
{'device': 'gnfuv-temp-exp1-55d487b85b-xcl97', 'humidity': 26.0, 'temperature': 36.0, 'experiment': 1.0, 'time': 1522085179.919303}
{'device': 'gnfuv-temp-exp1-55d487b85b-xcl97', 'humidity': 26.0, 'temperature': 36.0, 'experiment': 1.0, 'time': 1522085200.877182}
{'device': 'gnfuv-temp-exp1-55d487b85b-xcl97', 'humidity': 27.0, 'temperature': 36.0, 'experiment': 1.0, 'time': 1522085205.997143}
{'device': 'gnfuv-temp-exp1-55d487b85b-xcl97', 'humidity': 27.0, 'temperature': 36.0, 'experiment': 1.0, 'time': 1522085212.239691}
{'device': 'gnfuv-temp-exp1-55d487b85b-xcl97', 'humidity': 27.0, 'temperature': 36.0, 'experiment': 1.0, 'time': 1522085248.652366}
{'device': 'gnfuv-temp-exp1-55d487b85b-xcl97', 'humidity': 27.0, 'temperature': 36.0, 'experiment': 1.0, 'time': 1522085253.449557}
{'device': 'gnfuv-temp-exp1-55d487b85b-xcl97', 'humidity': 27.0, 'temperature': 36.0, 'experiment': 1.0, 'time': 1522085262.606018}
{'device': 'gnfuv-temp-exp1-55d487b85b-xcl97', 'humidity': 27.0, 'temperature': 36.0, 'experiment': 1.0, 'time': 1522085269.279113}
{'device': 'gnfuv-temp-exp1-55d487b85b-xcl97', 'humidity': 27.0, 'temperature': 36.0, 'experiment': 1.0, 'time': 1522085275.917974}
{'device': 'gnfuv-temp-exp1-55d487b85b-xcl97', 'humidity': 27.0, 'temperature': 36.0, 'experiment': 1.0, 'time': 1522085282.559406}
{'device': 'gnfuv-temp-exp1-55d487b85b-xcl97', 'humidity': 27.0, 'temperature': 36.0, 'experiment': 1.0, 'time': 1522085289.199654}
{'device': 'gnfuv-temp-exp1-55d487b85b-xcl97', 'humidity': 27.0, 'temperature': 36.0, 'experiment': 1.0, 'time': 1522085295.838414}
{'device': 'gnfuv-temp-exp1-55d487b85b-xcl97', 'humidity': 27.0, 'temperature': 36.0, 'experiment': 1.0, 'time': 1522085302.478015}
{'device': 'gnfuv-temp-exp1-55d487b85b-xcl97', 'humidity': 27.0, 'temperature': 36.0, 'experiment': 1.0, 'time': 1522085318.33747}
{'device': 'gnfuv-temp-exp1-55d487b85b-xcl97', 'humidity': 27.0, 'temperature': 36.0, 'experiment': 1.0, 'time': 1522085329.357955}
{'device': 'gnfuv-temp-exp1-55d487b85b-xcl97', 'humidity': 28.0, 'temperature': 36.0, 'experiment': 1.0, 'time': 1522085341.054579}
{'device': 'gnfuv-temp-exp1-55d487b85b-xcl97', 'humidity': 28.0, 'temperature': 36.0, 'experiment': 1.0, 'time': 1522085348.285921}
{'device': 'gnfuv-temp-exp1-55d487b85b-xcl97', 'humidity': 28.0, 'temperature': 36.0, 'experiment': 1.0, 'time': 1522085354.923327}
{'device': 'gnfuv-temp-exp1-55d487b85b-xcl97', 'humidity': 28.0, 'temperature': 36.0, 'experiment': 1.0, 'time': 1522085361.010935}
{'device': 'gnfuv-temp-exp1-55d487b85b-xcl97', 'humidity': 28.0, 'temperature': 36.0, 'experiment': 1.0, 'time': 1522085365.117983}
{'device': 'gnfuv-temp-exp1-55d487b85b-xcl97', 'humidity': 27.0, 'temperature': 36.0, 'experiment': 1.0, 'time': 1522085376.057337}
{'device': 'gnfuv-temp-exp1-55d487b85b-xcl97', 'humidity': 27.0, 'temperature': 36.0, 'experiment': 1.0, 'time': 1522085393.818848}
